,2020_Div,2021_Div,2022_Div,2023_Div
A,0.54,0.776,1.065,0.911
AA,,0.1,0.4,0.4
AAL,0.1,,,
AAME,,0.02,0.02,0.02
AAN,,0.4,0.452,0.5
AAOI,,,,
AAON,0.253334,0.253334,0.286667,0.32
AAP,1.0,3.25,6.0,2.0
AAPL,0.8075,0.865,0.91,0.95
AAT,1.0,1.1600000000000001,1.28,1.32
ABBV,4.72,5.2,5.64,5.92
ABCB,0.6,0.6,0.6,0.6
ABEO,,,,
ABG,,,,
ABIO,,,,
ABM,0.5549999999999999,0.76,0.78,0.88
ABMD,,,,
ABR,1.23,1.38,1.54,1.68
ABT,1.44,1.8,1.88,2.04
AC,0.199502,0.2,0.2,0.2
ACA,0.2,0.2,0.2,0.2
ACAD,,,,
ACCO,0.26,0.27,0.3,0.3
ACGL,,,,
ACHC,,,,
ACHV,,,,
ACIW,,,,
ACLS,,,,
ACM,,,0.6,0.72
ACMR,,,,
ACN,3.2800000000000002,3.61,4.03,4.65
ACNB,1.0,1.03,1.06,1.1400000000000001
ACOR,,,,
ACRE,1.32,1.4,1.4,1.3599999999999999
ACRS,,,,
ACTG,,,,
ACU,0.48,0.52,0.54,0.56
ADBE,,,,
ADC,2.405,2.604,2.805,2.919
ADI,2.48,2.76,3.04,3.44
ADM,1.44,1.48,1.6,1.8
ADMA,,,,
ADNT,,,,
ADP,3.66,3.83,4.37,5.15
ADSK,,,,
ADT,0.14,0.14,0.14,0.14
ADTN,0.36,0.36,0.36,0.27
ADUS,,,,
ADVM,,,,
ADXS,,,,
AE,0.96,0.96,0.96,0.96
AEE,2.0,2.2,2.36,2.52
AEHR,,,,
AEIS,,0.4,0.4,0.4
AEL,0.32,0.34,0.36,
AEMD,,,,
AEO,0.276,0.6779999999999999,0.36,0.30000000000000004
AEP,2.84,3.0,3.17,3.37
AES,0.572,0.604,0.632,0.664
AFG,3.85,28.060000000000002,14.31,8.1
AFL,1.12,1.32,1.6,1.68
AGCO,0.64,4.76,5.42,6.11
AGE,,,,
AGEN,,,,
AGIO,,,,
AGM,,2.64,3.8,4.4
AGNC,1.56,1.44,1.44,1.44
AGO,0.8,0.88,1.0,1.12
AGR,1.76,1.76,1.76,1.76
AGRX,,,,
AGS,,,,
AGX,3.25,0.75,1.0,1.05
AGYS,,,,
AHH,0.44,0.64,0.72,0.775
AHT,,,,
AIG,1.28,1.28,1.28,1.4
AIN,0.77,0.81,0.88,1.01
AINC,,,,
AIR,0.075,,,
AIRG,,,,
AIRI,,,,
AIRT,,,,
AIT,1.28,1.32,1.36,1.4
AIV,1.257155,,0.02,
AIZ,2.55,2.66,2.74,2.82
AJG,1.8,1.92,2.04,2.2
AJX,0.8300000000000001,0.81,1.1600000000000001,0.76
AKAM,,,,
AKBA,,,,
AKR,0.29,0.6,0.72,0.72
AKTS,,,,
AL,0.61,0.665,0.755,0.81
ALB,1.54,1.56,1.58,1.6
ALCO,0.44999999999999996,1.68,1.55,0.2
ALDX,,,,
ALE,2.472,2.52,2.6,2.712
ALEC,,,,
ALEX,0.33999999999999997,0.6699999999999999,0.8300000000000001,0.883
ALG,0.52,0.56,0.72,0.88
ALGN,,,,
ALGT,0.7,,,1.2
ALIM,,,,
ALK,0.375,,,
ALKS,,,,
ALL,2.16,3.24,3.4,3.56
ALLE,1.28,1.44,1.23,1.8
ALLK,,,,
ALLO,,,,
ALLY,0.76,0.88,1.2,1.2
ALNY,,,,
ALOT,0.07,,,
ALPN,,,,
ALRM,,,,
ALSN,0.68,0.76,0.84,0.92
ALT,,,,
ALTM,,,,
ALTR,,,,
ALV,0.62,1.88,2.58,2.66
ALX,18.0,18.0,18.0,18.0
AM,1.232,0.983,0.9,0.9
AMAL,0.32,0.32,0.36,0.4
AMAT,0.87,0.94,1.02,1.22
AMBC,,,,
AMC,0.3,,,
AMCX,,,,
AMD,,,,
AME,0.72,0.8,0.88,1.0
AMED,,,,
AMG,0.35000000000000003,0.04,0.04,0.04
AMGN,6.4,7.04,7.76,8.52
AMH,0.2,0.4,0.72,0.88
AMKR,0.04,0.17,0.225,0.304
AMN,,,,
AMNB,1.08,1.09,1.1400000000000001,1.2
AMP,4.09,4.43,4.88,5.300000000000001
AMPE,,,,
AMPH,,,,
AMRC,,,,
AMRK,1.5,1.0,1.2,1.8
AMRS,,,,
AMRX,,,,
AMS,,,,
AMSC,,,,
AMSF,4.58,5.16,5.239999999999999,4.859999999999999
AMSWA,0.44,0.44,0.44,0.44
AMT,4.53,5.21,5.859999999999999,6.45
AMTD,,,,
AMTX,,,,
AMWD,,,,
AMZN,,,,
AN,,,,
ANAB,,,,
ANDE,0.7,0.705,0.725,0.745
ANET,,,,
ANF,0.2,,,
ANGI,,,,
ANGO,,,,
ANIK,,,,
ANIP,,,,
ANIX,,,,
ANSS,,,,
AON,1.78,1.99,2.1900000000000004,2.4050000000000002
AOS,0.98,1.06,1.1400000000000001,1.22
AOSL,,,,
AP,,,,
APA,0.325,0.138,0.625,1.0
APAM,3.39,4.23,3.67,2.66
APD,5.36,6.0,6.48,7.0
APDN,,,,
APEI,,,,
APH,0.52,0.635,0.81,0.85
APLE,0.30000000000000004,0.04,0.76,1.01
APLS,,,,
APOG,0.752,0.8,0.88,0.96
APPF,,,,
APPN,,,,
APPS,,,,
APT,,,,
APTV,0.22,,,
APVO,,,,
APYX,,,,
AQB,,,,
AQMS,,,,
AR,,,,
ARAY,,,,
ARC,0.02,0.07,0.2,0.2
ARCB,0.32,0.32,0.44,0.48
ARCH,0.5,0.25,25.11,10.66
ARDX,,,,
ARE,4.24,4.48,4.72,4.96
ARES,1.6,1.88,2.44,3.08
ARI,1.45,1.4,1.4,1.4
ARKR,0.25,,0.375,0.6890000000000001
ARL,,,,
ARLO,,,,
ARMK,0.317688,0.317688,0.317688,0.333266
AROC,0.58,0.58,0.58,0.61
AROW,1.009708,1.009708,1.056408,1.08
ARR,6.0,6.0,6.0,5.0
ARTNA,1.0070000000000001,1.0470000000000002,1.092,1.136
ARTW,,,,
ARVN,,,,
ARW,,,,
ARWR,,,,
ASB,0.72,0.76,0.81,0.85
ASGN,,,,
ASH,1.1,1.175,1.3050000000000002,1.49
ASIX,,0.125,0.54,0.61
ASMB,,,,
ASPN,,,,
ASPS,,,,
ASRT,,,,
ASRV,0.1,0.1,0.11499999999999999,0.12
ASTC,,,,
ASTE,0.55,0.45,0.49,0.52
ASUR,,,,
ASYS,,,,
ATEC,,,,
ATEN,,0.05,0.21000000000000002,0.24
ATGE,,,,
ATI,,,,
ATKR,,,,
ATLC,,,,
ATLO,0.99,1.03,1.07,1.08
ATNI,0.68,0.68,0.72,0.87
ATNM,,,,
ATO,2.3499999999999996,2.555,2.7800000000000002,3.025
ATOS,,,,
ATR,1.44,1.5,1.52,1.58
ATRA,,,,
ATRC,,,,
ATRI,6.6,7.4,8.2,8.7
ATRO,,,,
ATSG,,,,
ATUS,,,,
AUBN,1.02,1.04,1.06,1.08
AUMN,,,,
AVA,1.62,1.692,1.76,1.84
AVAV,,,,
AVB,6.36,6.36,6.36,6.6
AVD,0.04,0.08,0.10500000000000001,0.12
AVGO,13.35,14.9,16.9,19.049999999999997
AVGR,,,,
AVNS,,,,
AVNW,,,,
AVRO,,,,
AVT,0.84,0.9099999999999999,1.1,1.2
AVTR,,,,
AVXL,,,,
AVY,2.36,2.66,2.93,3.18
AWI,0.81,0.861,0.9470000000000001,1.042
AWK,2.1500000000000004,2.359,2.568,2.779
AWR,1.28,1.4,1.526,1.6560000000000001
AWRE,,,,
AX,,,,
AXDX,,,,
AXGN,,,,
AXL,,,,
AXNX,,,,
AXP,1.72,1.72,1.99,2.32
AXR,,,,
AXS,1.65,1.69,1.73,1.76
AXSM,,,,
AXTA,,,,
AXTI,,,,
AYI,0.52,0.52,0.52,0.52
AYX,,,,
AZO,,,,
AZPN,,,,
AZZ,0.68,0.68,0.68,0.68
B,0.64,0.64,0.64,0.64
BA,2.055,,,
BAC,0.72,0.78,0.86,0.9199999999999999
BAH,1.24,1.48,1.72,1.88
BANC,0.24,0.24,0.24,0.4
BAND,,,,
BANF,1.32,1.4,1.52,1.6600000000000001
BANR,2.6399999999999997,1.64,1.76,1.92
BATRA,,,,
BATRK,,,,
BAX,0.955,1.085,1.15,1.16
BBCP,,,,
BBGI,0.05,,,
BBSI,1.2,1.2,1.2,1.2
BBW,,1.25,,1.5
BBY,2.2,2.8,3.52,3.68
BC,0.99,1.2750000000000001,1.46,1.6
BCBP,0.56,0.6000000000000001,0.64,0.64
BCC,2.0,5.42,4.01,8.7
BCLI,,,,
BCO,0.6,0.75,0.8,0.86
BCOV,,,,
BCPC,0.58,0.64,0.71,0.79
BCRX,,,,
BDC,0.2,0.2,0.2,0.2
BDL,0.3,,1.0,0.45
BDN,0.76,0.76,0.76,0.72
BDSI,,,,
BDX,3.121952,3.278048,3.49878,3.68
BE,,,,
BEAT,,,,
BECN,,,,
BELFA,0.24,0.24,0.24,0.24
BELFB,0.28,0.28,0.28,0.28
BEN,1.09,1.1300000000000001,1.17,0.8999999999999999
BERY,,,0.25,1.025
BFAM,,,,
BFIN,0.4,0.4,0.4,0.4
BFS,2.12,2.16,2.32,2.36
BFST,0.4,0.45999999999999996,0.48,0.5
BG,2.0,2.05,2.3,2.576
BGFV,0.25,2.83,1.0,0.875
BGS,1.9,1.9,1.615,0.76
BGSF,0.5,0.44,0.6,0.6
BH,,,,
BHB,0.88,0.94,1.02,1.1
BHE,0.64,0.655,0.66,0.66
BHF,,,,
BHLB,0.72,0.48,0.54,0.72
BHR,,,0.08,0.2
BHVN,,,,
BIG,1.2,1.2,0.8999999999999999,0.3
BIIB,,,,
BIO,,,,
BIOL,,,,
BJ,,,,
BJRI,0.13,,,
BK,1.24,1.3,1.42,1.58
BKD,,,,
BKE,4.15,6.99,1.0499999999999998,4.05
BKH,2.17,2.29,2.41,2.5
BKNG,,,,
BKSC,0.66,0.78,0.68,0.51
BKTI,0.5,0.30000000000000004,0.6,
BKU,0.9,0.92,0.98,1.06
BL,,,,
BLBD,,,,
BLCM,,,,
BLD,,,,
BLDR,,,,
BLFS,,,,
BLK,14.52,16.52,19.52,20.0
BLKB,0.12,,,
BLMN,0.2,,0.56,0.96
BLUE,,,,
BMI,0.7,0.76,0.8500000000000001,0.99
BMRC,0.92,0.94,0.98,1.0
BMRN,,,,
BMY,2.29,1.47,2.16,2.28
BNED,,,,
BOH,2.68,2.74,2.8,2.8
BOKF,2.05,2.09,2.66,2.17
BOOM,0.125,,,
BOOT,,,,
BOTJ,0.254544,0.267272,0.29000000000000004,0.32
BOX,,,,
BPMC,,,,
BPOP,1.6,1.75,2.2,2.27
BPRN,0.4,0.6599999999999999,1.0,1.2
BPTH,,,,
BR,2.23,2.4299999999999997,2.73,3.05
BRC,0.874,0.885,0.905,0.925
BRID,,,,
BRKL,0.46,0.48,0.52,0.54
BRKR,0.16,0.16,0.2,0.2
BRN,,,0.03,0.045
BRO,0.34800000000000003,0.382,0.424,0.47500000000000003
BRT,0.88,0.9,0.98,1.0
BRX,0.57,0.86,0.96,1.04
BRY,0.12,0.2,1.3399999999999999,0.97
BSET,0.705,0.53,2.1,0.6799999999999999
BSGM,,,,
BSRR,0.8,0.86,0.92,0.92
BSX,,,,
BTU,,,,0.22499999999999998
BURL,,,,
BUSE,0.88,0.92,0.92,0.96
BV,,,,
BW,,,,
BWA,0.598592,0.598592,0.598592,0.519296
BWEN,,,,
BWFG,0.56,0.64,0.8,0.8
BWXT,0.76,0.84,0.88,0.92
BXC,,,,
BXMT,2.48,2.48,2.48,2.48
BXP,3.92,3.92,3.92,3.92
BY,0.12,0.3,0.36,0.36
BYD,,,0.6,0.64
BYFC,,,,
BYND,,,,
BZH,,,,
C,2.04,2.04,2.04,2.08
CABO,9.5,10.5,11.2,11.600000000000001
CAC,1.32,1.41,1.6,1.68
CACC,,,,
CACI,,,,
CADE,0.745,2.188,0.88,0.94
CAG,0.914,1.1760000000000002,1.286,1.3599999999999999
CAH,1.939,1.959,1.979,1.999
CAKE,0.36,,0.81,1.08
CAL,0.28,0.28,0.28,0.28
CALA,,,,
CALM,,0.034,1.7269999999999999,4.311
CALX,,,,
CAMP,,,,
CAPR,,,,
CAR,,,,10.0
CARA,,,,
CARG,,,,
CARS,,,,
CASA,,,,
CASH,0.2,0.2,0.2,0.2
CASI,,,,
CASS,1.08,1.09,1.1300000000000001,1.17
CASY,1.28,1.37,1.46,1.62
CAT,4.12,4.28,4.62,5.0
CATC,2.12,2.38,2.56,2.68
CATO,0.33,0.45,0.68,0.68
CATY,1.24,1.27,1.36,1.36
CB,3.09,3.18,3.29,3.41
CBAN,0.4,0.412,0.432,0.44
CBAY,,,,
CBFV,0.96,0.96,0.96,1.0
CBOE,1.56,1.7999999999999998,1.96,2.1
CBRE,,,,
CBRL,3.9000000000000004,2.3,5.2,5.2
CBSH,0.9446060000000001,0.9661230000000001,1.009524,1.028429
CBT,1.4,1.42,1.48,1.57
CBU,1.66,1.7,1.74,1.78
CBZ,,,,
CC,1.0,1.0,1.0,1.0
CCBG,0.5700000000000001,0.62,0.66,0.76
CCI,4.93,5.46,5.975,6.26
CCK,,0.8,0.88,0.96
CCL,0.5,,,
CCNE,0.68,0.685,0.7,0.7
CCO,,,,
CCOI,2.775,3.17,3.555,3.76
CCRN,,,,
CCS,,0.44999999999999996,0.8,0.92
CDE,,,,
CDLX,,,,
CDMO,,,,
CDNA,,,,
CDNS,,,,
CDTX,,,,
CDW,1.54,1.7000000000000002,2.09,2.3899999999999997
CDXC,,,,
CDXS,,,,
CDZI,,,,
CE,2.48,2.72,2.74,2.8
CEI,,,,
CEIX,,,2.05,2.2
CELC,,,,
CELH,,,,
CENT,,,,
CENTA,,,,
CENX,,,,
CERS,,,,
CETX,,,,
CEVA,,,,
CF,1.2,1.2,1.5,1.6
CFBK,0.03,0.13,0.18,0.22999999999999998
CFFI,1.52,1.58,1.6400000000000001,1.76
CFFN,0.47000000000000003,0.9600000000000001,0.8200000000000001,0.34
CFG,1.56,1.56,1.62,1.68
CFR,2.8499999999999996,2.94,3.24,3.58
CGNX,2.225,0.245,0.265,0.28500000000000003
CHCI,,,,
CHCO,2.28,2.32,2.45,2.665
CHCT,1.686,1.726,1.766,1.806
CHD,0.96,1.012,1.052,1.092
CHDN,0.311,0.3335,0.357,0.382
CHE,1.32,1.4,1.48,1.56
CHEF,,,,
CHGG,,,,
CHH,0.225,0.45,1.19,1.152
CHK,,1.126,9.588,3.62
CHMG,1.04,1.19,1.24,1.24
CHMI,1.01,1.08,1.08,0.72
CHRS,,,,
CHRW,2.04,2.63,2.2600000000000002,2.44
CHTR,,,,
CHUY,,,,
CI,0.04,4.0,4.48,4.92
CIA,,,,
CIEN,,,,
CIM,1.4,1.29,1.12,0.7
CINF,2.4,2.52,2.76,3.0
CIO,0.6849999999999999,0.6,0.8,0.6000000000000001
CIVB,0.44,0.38,,
CIX,0.4,0.8,,
CIZN,0.96,0.96,,
CKX,,,,
CL,1.75,1.79,0.45,
CLAR,0.04995,0.05,,
CLB,0.28,0.04,0.01,
CLDT,0.22,,,
CLDX,,,,
CLF,0.12,,,
CLFD,,,,
CLH,,,,
CLIR,,,,
CLNE,,,,
CLPR,0.38,0.38,,
CLRB,,,,
CLRO,,,,
CLW,,,,
CLX,4.34,4.54,1.16,
CMA,2.72,2.72,,
CMC,0.48,0.5,0.14,
CMCO,0.24,0.12,,
CMCSA,0.9,0.73,,
CMCT,0.3,0.3,,
CME,5.9,1.8,,
CMG,,,,
CMI,5.2829999999999995,5.6,1.45,
CMP,2.88,2.31,,
CMRX,,,,
CMS,1.6304999999999998,1.74,0.46,
CMT,,,,
CMTL,0.4,0.30000000000000004,,
CNA,3.48,1.8900000000000001,2.0,
CNC,,,,
CNDT,,,,
CNFR,,,,
CNK,0.36,,,
CNMD,0.8,0.8,,
CNNE,,,,
CNO,0.47,0.51,,
CNOB,0.36,0.2,,
CNP,0.74,0.65,0.17,
CNS,2.56,2.6,,
CNSL,,,,
CNTY,,,,
CNX,,,,
CNXN,,0.32,,
CODA,,,,
COF,1.0,2.0,0.6,
COHN,,0.5,,
COHR,,,,
COHU,0.06,,,
COKE,1.0,0.75,,
COLB,1.34,0.56,,
COLD,0.84,0.88,,
COLL,,,,
COLM,0.26,0.52,,
COMM,,,,
CONN,,,,
COO,0.06,0.06,0.03,
COOP,,,,
COP,1.69,1.95,0.46,
COR,,,,
CORR,0.9,0.2,0.05,
CORT,,,,
COST,12.75,2.2800000000000002,,
COTY,0.125,,,
CPB,1.4,1.48,0.37,
CPE,,,,
CPF,0.92,0.96,0.26,
CPHC,,,0.07,
CPIX,,,,
CPK,1.725,1.88,,
CPRI,,,,
CPRT,,,,
CPRX,,,,
CPS,,,,
CPSH,,,,
CPSI,0.30000000000000004,,,
CPSS,,,,
CPT,3.32,3.32,,
CR,,,,
CRAI,0.9500000000000001,0.52,,
CRBP,,,,
CRC,,,,
CRI,0.6,1.4,,
CRIS,,,,
CRK,,,,
CRL,,,,
CRM,,,,
CRMD,,,,
CRMT,,,,
CRNX,,,,
CROX,,,,
CRS,0.8,0.8,0.8,0.8
CRUS,,,,
CRVL,,,,
CRVS,,,,
CRWS,0.49,0.16,,
CSCO,1.43,1.1,,
CSGP,,,,
CSGS,0.94,0.5,,
CSL,2.05,2.13,0.54,
CSPI,0.15,,,
CSTR,0.2,0.11,,
CSV,0.3375,0.41250000000000003,0.1125,
CSWI,0.54,0.435,,
CSX,0.34668,0.18666,,
CTAS,3.51,1.5,,
CTBI,1.53,0.77,,
CTHR,,,,
CTLT,,,,
CTMX,,,,
CTO,2.9901600000000004,4.0,,
CTRE,1.0,0.53,,
CTRN,0.08,,,
CTS,0.16,0.16,,
CTSH,0.88,0.48,,
CTSO,,,,
CUBE,1.33,1.4500000000000002,,
CUBI,,,,
CUE,,,,
CULP,0.42,0.44,0.115,
CURO,0.22,0.385,0.11,
CUTR,,,,
CUZ,1.49,0.9299999999999999,1.27,1.28
CVBF,0.8999999999999999,0.36,,
CVCO,,,,
CVCY,0.44,0.22999999999999998,,
CVGI,,,,
CVGW,1.15,,,
CVI,1.2000000000000002,2.4,,
CVLT,,,,
CVLY,0.52,0.32,0.15,
CVM,,,,
CVNA,,,,
CVR,0.52,0.88,0.22,
CVS,2.0,2.0,0.55,
CVU,,,,
CVV,,,,
CVX,5.16,5.3100000000000005,1.42,
CW,0.68,0.71,,
CWBC,0.195,0.27,0.07,
CWBR,,,,
CWEN,1.0505,1.3275000000000001,0.3468,
CWH,1.3062,1.54,,
CWST,,,,
CWT,0.851,0.92,0.25,
CXW,0.88,,,
CYAN,,,,
CYCC,,,,
CYH,,,,
CYRX,,,,
CYTK,,,,
CZNC,1.08,0.8300000000000001,,
CZR,,,,
CZWI,0.21,0.23,0.26,
D,3.4499999999999997,2.52,0.6675,
DAIO,,,,
DAKT,0.05,,,
DAL,0.403,,,
DAN,0.1,0.4,0.1,
DAR,,,,
DARE,,,,
DBD,,,,
DBI,0.1,,,
DBX,,,,
DCI,0.84,0.87,0.22,
DCO,,,,
DCOM,0.8,0.72,,
DCPH,,,,
DD,1.2,1.2,0.33,
DDD,,,,
DDS,0.6,15.7,,
DE,3.04,3.9000000000000004,,
DEA,1.04,1.05,,
DECK,,,,
DEI,1.12,1.12,,
DELL,,,,
DENN,,,,
DFIN,,,,
DFS,1.76,1.88,0.5,
DG,1.4,1.6199999999999999,0.42,
DGICA,0.595,0.47,,
DGII,,,,
DGLY,,,,
DGX,2.21,2.42,0.62,
DHI,0.725,0.8250000000000001,0.225,
DHIL,12.0,2.0,,
DHR,0.72,0.84,,
DHX,,,,
DIN,0.76,0.4,,
DIOD,,,,
DIS,,,,
DIT,6.0,5.72,0.18,
DJCO,,,,
DK,0.9299999999999999,,,
DKS,1.251,6.6625,,
DLA,,,,
DLB,0.88,0.91,0.25,
DLHC,,,,
DLR,4.48,4.64,,
DLTH,,,,
DLTR,,,,
DLX,1.2,1.2,0.3,
DMRC,,,,
DNLI,,,,
DNOW,,,,
DOC,0.92,0.92,0.23,
DOCU,,,,
DOMO,,,,
DOOR,,,,
DORM,,,,
DOV,1.97,1.99,0.5,
DOW,2.8,2.8,0.7,
DPZ,3.12,3.76,,
DRH,,,,
DRI,1.18,3.45,1.1,
DRQ,,,,
DRRX,,,,
DSKE,,,,
DSS,,,,
DTE,3.5097899999999997,3.5568,,
DUK,3.82,3.9,0.985,
DVA,,,,
DVAX,,,,
DVN,0.68,1.53,,
DWSN,,,,
DX,1.66,1.56,0.26,
DXC,0.21,,,
DXCM,,,,
DXLG,,,,
DXPE,,,,
DXYN,,,,
DY,,,,
DZSI,,,,
EA,0.17,0.34,,
EAF,0.115,0.04,0.01,
EARN,1.12,1.18,0.2,
EAT,0.38,,,
EB,,,,
EBAY,0.64,0.36,,
EBF,0.9,0.95,0.25,
EBMT,0.385,0.4455,0.125,
EBS,,,,
EBTC,0.7,0.37,,
ECL,1.89,1.95,,
ECPG,,,,
ED,3.06,3.1,0.79,
EDIT,,,,
EDUC,0.27,0.4,0.1,
EE,,,,
EEFT,,,,
EEX,0.075,,,
EFC,1.26,1.64,0.3,
EFOI,,,,
EFSC,0.72,0.36,,
EFX,1.56,1.56,0.39,
EGAN,,,,
EGBN,0.88,0.82,,
EGHT,,,,
EGLE,,,,
EGP,3.08,3.58,,
EGRX,,,,
EGY,,,0.0325,
EHC,1.4000000000000001,1.12,,
EHTH,,,,
EIG,1.0,1.0,0.25,
EIGR,,,,
EIX,2.576,2.6875,,
EKSO,,,,
EL,1.49,2.19,0.6,
ELAN,,,,
ELF,,,,
ELMD,,,,
ELOX,,,,
ELS,1.371,1.4505,,
ELSE,,,,
EME,0.32,0.52,0.13,
EMKR,,,,
EML,0.44,0.44,0.11,
EMMS,,,,
EMN,2.67,2.83,,
EMR,2.005,2.0300000000000002,0.515,
ENG,,,,
ENPH,,,,
ENR,1.2,1.2,0.3,
ENS,0.7,0.7,,
ENSG,0.203,0.106,,
ENSV,,,,
ENTA,,,,
ENTG,0.32,0.24,,
ENV,,,,
ENVA,,,,
ENZ,,,,
EOG,1.413,4.6129999999999995,0.75,
EOLS,,,,
EPAM,,,,
EPC,0.15,0.6,,
EPM,0.17500000000000002,0.22999999999999998,,
EPR,1.516,1.5,0.5,
EPRT,0.93,1.0,,
EQBK,,,,
EQC,3.5,,,
EQH,0.66,0.71,0.18,
EQIX,10.64,5.74,,
EQR,2.411,2.4105,,
EQT,0.03,,0.125,
ERIE,5.859999999999999,3.1049999999999995,,
ERII,,,,
ES,2.271,2.4105,0.6375,
ESCA,0.53,0.56,,
ESE,0.32,0.24,0.08,
ESGR,,,,
ESNT,0.64,0.7,,
ESP,1.0,,,
ESPR,,,,
ESRT,0.21,0.10500000000000001,,
ESS,8.311,8.36,,
ESSA,0.44,0.24,,
ESTC,,,,
ETN,2.92,3.04,,
ETR,3.74,3.86,1.01,
ETRN,0.9,0.6,0.15,
ETSY,,,,
EV,,,,
EVBG,,,,
EVBN,1.16,1.2,,
EVC,0.125,0.1,,
EVER,,,,
EVFM,,,,
EVH,,,,
EVI,,,,
EVOK,,,,
EVOL,,,,
EVR,2.3499999999999996,2.6500000000000004,0.68,
EVRG,2.05,2.1775,,
EVRI,,,,
EVTC,0.2,0.2,0.05,
EW,,,,
EWBC,1.1,0.99,,
EXAS,,,,
EXC,1.532,0.766,,
EXEL,,,,
EXLS,,,,
EXP,0.1,0.75,,
EXPD,1.04,0.58,,
EXPE,0.34,,,
EXPI,,0.08,,
EXPO,0.76,0.4,,
EXPR,,,,
EXR,3.6,4.5,,
EXTR,,,,
EYE,,,,
EYEG,,,,
EYPT,,,,
EZPW,,,,
F,0.15,0.1,0.1,
FAF,1.78,1.94,,
FANG,1.5,0.8,,
FARM,,,,
FARO,,,,
FAST,1.4,0.8400000000000001,,
FATE,,,,
FBIO,,,,
FBIZ,0.66,0.36,,
FBK,0.36,0.44,0.13,
FBMS,0.42000000000000004,0.5800000000000001,0.17,
FBNC,0.72,0.4,,
FBP,0.2,0.31000000000000005,0.1,
FC,,,,
FCAP,0.96,0.52,,
FCBC,1.0,0.5,,
FCCO,0.48,0.24,,
FCEL,,,,
FCF,0.44,0.455,0.115,
FCFS,1.08,0.5700000000000001,,
FCN,,,,
FCNCA,1.67,1.41,,
FCPT,1.538,1.2850000000000001,,
FCX,0.05,0.22499999999999998,0.075,
FDBC,1.1400000000000001,1.23,0.33,
FDP,0.30000000000000004,0.5,,
FDS,3.0300000000000002,3.23,0.82,
FDX,2.6,2.9,,
FE,1.56,1.56,0.39,
FEIM,,,,
FELE,0.62,0.35,,
FET,,,,
FF,3.24,2.74,0.06,
FFBC,0.92,0.46,,
FFIC,0.84,0.42,,
FFIN,0.51,0.28,,
FFIV,,,,
FFNW,0.4,0.22,,
FFWM,0.28,0.36,0.11,
FGBI,0.64,0.64,,
FGEN,,,,
FHB,1.04,0.52,,
FHN,0.6,0.6,,
FI,,,,
FIBK,2.0,0.82,,
FICO,,,,
FIS,1.4,1.56,,
FISI,1.04,0.54,,
FISV,,,,
FITB,1.08,0.54,,
FIVE,,,,
FIVN,,,,
FIX,0.425,0.48,,
FIXX,,,,
FIZZ,6.0,,,
FL,0.93,0.85,0.3,
FLIC,0.73,0.5700000000000001,,
FLL,,,,
FLNT,,,,
FLO,0.79,0.83,0.21,
FLOW,,,,
FLR,0.1,,,
FLS,0.8,0.8,,
FLT,,,,
FLWS,,,,
FLXS,0.42000000000000004,0.3,,
FMAO,0.66,0.34,,
FMBH,0.81,0.85,0.22,
FMC,1.8,1.97,,
FMNB,0.44,0.22,,
FN,,,,
FNB,0.48,0.48,0.12,
FNCB,0.22,0.12,,
FND,,,,
FNF,1.35,1.56,,
FNKO,,,,
FNLC,1.22,0.94,,
FNWB,0.21000000000000002,0.25,0.07,
FOLD,,,,
FONR,,,,
FOR,,,,
FORD,,,,
FORM,,,,
FORR,,,,
FOSL,,,,
FOX,0.46,0.23,,
FOXA,0.46,0.23,,
FOXF,,,,
FPI,0.2,0.2,,
FR,1.0,1.08,,
FRBA,0.12,0.15,0.06,
FRBK,,,,
FRD,0.08,0.08,0.02,
FRME,1.04,0.55,,
FRPH,,,,
FRPT,,,,
FRT,4.220000000000001,4.26,,
FSBW,0.42,0.405,,
FSFG,0.68,0.54,,
FSLR,,,,
FSLY,,,,
FSP,0.36,0.6799999999999999,0.09,
FSS,0.32,0.36,,
FSTR,,,,
FTDR,,,,
FTEK,,,,
FTI,0.09673,,,
FTK,,,,
FTNT,,,,
FTV,0.26858000000000004,0.28,0.07,
FUL,0.648,0.666,0.1675,
FULT,0.56,0.28,,
FUNC,0.52,0.43,,
FUSB,0.12,0.06,,
FWONA,,,,
FWONK,,,,
FWRD,0.75,0.42,,
G,0.391,0.43,,
GABC,0.76,0.42,,
GAIA,,,,
GALT,,,,
GATX,1.92,2.0,0.52,
GBCI,1.38,0.78,,
GBLI,1.0,0.5,,
GBX,1.08,1.08,0.27,
GCBC,0.45999999999999996,0.24,,
GCI,,,,
GCO,,,,
GD,4.32,4.67,1.19,
GDDY,,,,
GDEN,,,,
GDOT,,,,
GE,0.04,0.18,,
GEF,1.76,1.8,,
GEN,,,,
GENC,,,,
GEO,1.78,0.25,,
GEOS,,,,
GERN,,,,
GES,0.225,0.5625,,
GEVO,,,,
GFF,0.305,0.33,0.09,
GGG,0.7,0.751,0.21,
GH,,,,
GHC,5.8,6.04,1.58,
GHM,0.44,0.44,,
GIFI,,,,
GIII,,,,
GILD,2.72,1.42,,
GIS,1.98,2.04,0.51,
GKOS,,,,
GLBZ,0.4,0.30000000000000004,,
GLDD,,,,
GLPI,1.54,1.32,,
GLRE,,,,
GLT,0.665,0.555,,
GLW,0.88,0.96,0.27,
GLYC,,,,
GM,0.38,,,
GME,,,,
GMED,,,,
GMRE,0.8,1.025,,
GMS,,,,
GNE,0.33,,0.075,
GNK,0.235,0.32,,
GNL,1.733,1.6,0.4,
GNRC,,,,
GNTX,0.475,0.36,,
GNTY,0.78,0.4,,
GNW,,,,
GOGO,,,,
GOLF,0.62,0.66,,
GOOD,1.5,0.875,,
GOOG,,,,
GOOGL,,,,
GORO,0.037998000000000004,0.042999,,
GOSS,,,,
GPC,3.16,3.26,0.895,
GPI,0.6,1.33,0.36,
GPK,0.3,0.3,,
GPMT,0.65,1.0,,
GPN,0.78,0.89,,
GPOR,,,,
GPRE,,,,
GPRO,,,,
GPS,0.4855,0.4825,0.12,
GRBK,,,,
GRC,0.59,0.635,0.17,
GRMN,2.4,1.28,,
GROW,0.036000000000000004,0.034,,
GRPN,,,,
GRTS,,,,
GS,5.0,6.5,2.0,
GSAT,,,,
GSBC,2.3600000000000003,0.68,,
GSHD,1.149,,,
GSIT,,,,
GT,0.16,,,
GTES,,,,
GTHX,,,,
GTIM,,,,
GTLS,,,,
GTN,,0.32,,
GTX,,,,
GTY,1.5,1.58,,
GV,,,,
GVA,0.52,0.52,,
GVP,,,,
GWRE,,,,
GWRS,0.28894,0.29096,0.04916,
GWW,5.9399999999999995,6.390000000000001,1.62,
H,0.2,,,
HA,0.12,,,
HAE,,,,
HAFC,0.52,0.22,,
HAIN,,,,
HAL,0.315,0.18,0.12,
HALL,,,,
HALO,,,,
HAS,2.72,2.04,,
HASI,1.36,1.4,,
HAYN,0.88,0.44,,
HBAN,0.6,0.3,,
HBB,0.37,0.395,0.1,
HBCP,0.88,0.45,,
HBI,0.6,0.6,0.15,
HBIO,,,,
HBNC,0.48,0.38,,
HCA,0.77,1.92,,
HCC,0.2,0.2,0.06,
HCI,1.6,1.6,0.4,
HCKT,0.28500000000000003,0.2,,
HCSG,0.813,0.414,,
HD,6.0,6.6,,
HDSN,,,,
HE,1.32,1.36,0.35,
HEAR,,,,
HEES,1.1,0.55,,
HEI,0.16,0.16999999999999998,0.09,
HELE,,,,
HES,1.0,1.0,,
HFBL,0.40750000000000003,0.34800000000000003,,
HFWA,0.8,0.6000000000000001,,
HGV,,,,
HHS,,,,
HI,0.853,0.8625,,
HIBB,,0.25,,
HIFS,3.48,2.2800000000000002,,
HIG,1.3,1.435,0.385,
HII,4.23,4.6,1.18,
HIW,1.92,1.96,0.5,
HL,0.017,0.03725,,
HLF,,,,
HLI,1.28,1.62,0.43,
HLIT,,,,
HLNE,1.214,0.663,,
HLT,0.15,,,
HLX,,,,
HMN,1.2,1.24,,
HMNF,,,0.06,
HMST,0.6,0.5,,
HNI,1.22,1.2349999999999999,0.31,
HNRG,0.04,,,
HOFT,0.66,0.36,,
HOG,0.44,0.6,0.1575,
HOLX,,,,
HOMB,0.53,0.28,,
HON,3.63,3.77,0.98,
HONE,0.09,0.1,,
HOPE,0.56,0.42000000000000004,,
HOV,,,,
HP,1.92,1.0,0.25,
HPE,0.48,0.48,,
HPP,1.0,1.0,,
HPQ,0.7223999999999999,0.8314,,
HQY,,,,
HR,1.2,1.2105,0.31,
HRB,1.04,1.07,,
HRI,,0.5,0.575,
HRL,0.931,0.98,0.26,
HROW,,,,
HRTG,0.24,0.24,,
HRTX,,,,
HSIC,,,,
HSII,0.6,0.3,,
HSON,,,,
HST,0.2,,,
HSTM,,,,
HSY,3.154,3.41,0.901,
HTBI,0.29000000000000004,0.16,,
HTBK,0.52,0.26,,
HTH,0.36,0.48,0.15,
HTLD,0.08,0.04,,
HTLF,0.8,0.44,,
HUBB,3.71,3.99,1.05,
HUBG,,,,
HUBS,,,,
HUM,2.5,2.8,,
HUN,0.651,0.725,,
HURC,0.39,0.41000000000000003,,
HURN,,,,
HUSA,,,,
HVT,2.7700000000000005,2.7199999999999998,,
HWBK,0.49,0.28,,
HWC,1.08,0.54,,
HWKN,0.5825,0.2455,,
HXL,0.17,,0.1,
HY,1.271,1.2850000000000001,,
HZO,,,,
IAC,,,,
IART,,,,
IBCP,0.8,0.42,,
IBIO,,,,
IBKR,0.4,0.2,,
IBM,6.51,6.55,1.64,
IBOC,1.1,0.55,,
IBP,,1.2,,
IBTX,1.05,0.62,,
ICAD,,,,
ICCC,,,,
ICD,,,,
ICE,1.2,1.32,,
ICFI,0.56,0.28,,
ICHR,,,,
ICUI,,,,
IDA,2.72,2.88,0.75,
IDCC,1.4,1.0499999999999998,,
IDN,,,,
IDT,,,,
IDXG,,,,
IDXX,,,,
IESC,,,,
IEX,2.0,2.12,0.54,
IFF,3.04,3.12,,
III,,0.09,,
IIIN,1.62,0.06,,
IIIV,,,,
IIPR,4.47,5.72,,
ILMN,,,,
ILPT,1.32,0.99,,
IMKTA,0.66,0.495,,
IMMR,,,,
IMXI,,,,
INBK,0.24,0.12,,
INCY,,,,
INDB,1.84,0.96,,
INFN,,,,
INFU,,,,
INGN,,,,
INGR,2.54,2.58,,
INN,0.18,,,
INO,,,,
INOD,,,,
INOV,,,,
INPX,,,,
INSE,,,,
INSG,,,,
INSM,,,,
INSP,,,,
INSW,0.24,2.4800000000000004,,
INTC,1.32,0.696,,
INTG,,,,
INTL,,,,
INTT,,,,
INTU,2.18,1.77,,
INUV,,,,
INVA,,,,
INVE,,,,
INVH,0.6,0.68,0.22,
IONS,,,,
IOR,,,,
IOSP,1.04,0.57,,
IOVA,,,,
IP,2.051,2.0004999999999997,0.4625,
IPAR,0.33,0.5,,
IPG,1.02,1.08,0.29,
IPGP,,,,
IPI,,,,
IPWR,,,,
IQV,,,,
IR,1.06,0.02,,
IRBT,,,,
IRDM,,,,
IRET,,,,
IRIX,,,,
IRM,2.475,2.474,,
IRMD,,,,
IROQ,0.3,0.15,,
IRT,0.54,0.48,,
IRTC,,,,
IRWD,,,,
ISDR,,,,
ISRG,,,,
ISSC,1.15,,,
ISTR,0.25,0.31,,
IT,,,,
ITCI,,,,
ITGR,,,,
ITI,,,,
ITIC,16.759999999999998,0.9,,
ITRI,,,,
ITT,0.676,0.88,,
ITW,4.42,4.72,,
IVAC,,,,
IVR,1.07,0.35,0.09,
IVZ,0.775,0.755,0.17,
IZEA,,,,
JACK,1.2000000000000002,0.8400000000000001,,
JAGX,,,,
JAKK,,,,
JAZZ,,,,
JBGS,0.9,0.9,,
JBHT,1.08,0.5800000000000001,,
JBL,0.32,0.32,0.08,
JBLU,,,,
JBSS,3.5,2.5,,
JBT,0.4,0.4,,
JCI,1.04,1.1500000000000001,,
JCTCF,,,,
JEF,0.6,0.9,0.3,
JELD,,,,
JHG,1.7999999999999998,1.5,0.38,
JILL,,,,
JJSF,2.3,1.208,,
JKHY,1.72,0.92,,
JLL,,,,
JNJ,3.98,4.19,1.06,
JNPR,0.8,0.8,0.21,
JOB,,,,
JOE,0.07,0.32,,
JOUT,0.72,0.63,,
JPM,3.6,3.7,1.0,
JRVR,1.2,0.6,,
JVA,,,,
JWN,0.37,,,
JYNT,,,,
K,2.28,2.3099999999999996,0.58,
KAI,0.95,0.99,0.25,
KALA,,,,
KALU,2.68,2.16,,
KALV,,,,
KAMN,0.8,0.8,,
KAR,0.19,,,
KBH,0.42,0.6,0.15,
KBR,0.4,0.44,,
KDP,0.6,0.675,0.1875,
KE,,,,
KELYA,0.075,,,
KEQU,,,,
KEX,,,,
KEY,0.74,0.75,0.195,
KEYS,,,,
KFFB,0.4,0.4,0.1,
KFRC,0.8,0.46,,
KFY,0.4,0.45999999999999996,,
KHC,1.6,0.8,,
KIDS,,,,
KIM,0.54,0.68,,
KINS,0.183,0.08,,
KIRK,,,,
KKR,0.53,0.57,0.145,
KLAC,3.5,1.8,,
KLIC,0.5,0.28,,
KLXE,,,,
KMB,4.28,4.56,1.16,
KMI,1.038,1.073,0.27,
KMPR,1.2,1.24,0.31,
KMT,0.8,0.8,0.2,
KMX,,,,
KN,,,,
KNSA,,,,
KNSL,0.36,0.22,,
KNX,0.32,0.38,0.12,
KO,1.64,1.68,,
KOD,,,,
KODK,,,,
KOP,,,,
KOPN,,,,
KOS,0.045,,,
KPTI,,,,
KR,0.6799999999999999,0.78,0.21,
KRC,1.97,2.04,,
KREF,1.72,1.986,,
KRG,0.45,0.6799999999999999,0.19,
KRNY,0.32,0.19,,
KRO,0.72,0.72,,
KRYS,,,,
KSS,0.704,1.0,,
KTCC,,,,
KTOS,,,,
KURA,,,,
KVHI,,,,
KW,0.88,0.9,,
KWR,1.55,1.6,0.415,
KZR,,,,
L,0.251,0.2505,0.0625,
LAD,1.22,1.3599999999999999,,
LADR,0.9400000000000001,0.8,,
LAKE,,,,
LAMR,2.5,1.5,,
LANC,2.8499999999999996,1.5,,
LAND,0.5387,0.5407,0.0906,
LARK,0.761904,0.8,0.21,
LASR,,,,
LAUR,,,,
LAZ,1.88,1.88,0.47,
LBAI,0.5,0.395,,
LBC,0.232,0.116,,
LBRDA,,,,
LBRDK,,,,
LBRT,0.05,,,
LBTYA,,,,
LBTYK,,,,
LC,,,,
LCII,2.8,3.45,,
LCNB,0.73,0.38,,
LCUT,0.172,0.129,,
LDOS,1.36,1.4,,
LE,,,,
LEA,1.02,1.77,,
LECO,1.98,1.02,,
LEE,,,,
LEG,1.6,1.66,,
LEGH,,,,
LEN,0.625,1.0,0.375,
LEU,,,,
LEVI,0.16,0.26,0.1,
LFUS,1.92,0.96,,
LFVN,,,,
LGIH,,,,
LGL,,,,
LGND,,,,
LH,,,,
LIFE,,,,
LII,3.08,3.5300000000000002,,
LILA,,,,
LILAK,,,,
LIN,3.852,4.24,,
LINC,,,,
LIND,,,,
LIQT,,,,
LITE,,,,
LIVE,,,,
LIVN,,,,
LKFN,1.2,1.02,,
LKQ,,,,
LL,,,,
LLY,2.96,3.4,0.98,
LMAT,0.38,0.44,,
LMFA,,,,
LMNR,0.3,0.15,,
LMT,9.8,10.6,2.8,
LNC,2.0,1.68,0.45,
LNG,,0.33,0.33,
LNN,1.27,1.31,0.33,
LNT,1.52,1.209,,
LNTH,,,,
LOAN,0.42000000000000004,0.235,,
LOB,0.12,0.06,,
LOCO,,,,
LODE,,,,
LOOP,,,,
LOPE,,,,
LOVE,,,,
LOW,2.25,2.8,0.8,
LPCN,,,,
LPG,,1.0,1.0,
LPLA,1.0,0.5,,
LPSN,,,,
LPTH,,,,
LPX,0.58,0.6799999999999999,0.22,
LQDA,,,,
LQDT,,,,
LRCX,4.9,2.6,,
LRN,,,,
LSBK,0.49,0.54,0.16,
LSCC,,,,
LSTR,2.79,2.42,,
LSXMA,,,,
LSXMK,,,,
LTBR,,,,
LTC,2.2800000000000002,2.2800000000000002,0.38,
LTRPA,,,,
LTRX,,,,
LULU,,,,
LUNA,,,,
LUV,0.18,,,
LVS,0.79,,,
LW,0.92,0.94,0.245,
LWAY,,,,
LXP,0.423,0.4425,,
LXRX,,,,
LXU,,,,
LYB,4.2,4.4399999999999995,,
LYFT,,,,
LYTS,0.2,0.1,,
LYV,,,,
LZB,0.35000000000000003,0.615,0.165,
M,0.378,0.3,,
MA,1.6,1.76,0.49,
MAA,4.0,5.1625,1.0875,
MAC,1.15,0.6,0.15,
MACK,,,,
MAN,2.26,2.52,,
MANH,,,,
MAR,0.48,,,
MARA,,,,
MARK,,,,
MAS,0.545,0.845,0.28,
MASI,,,,
MAT,,,,
MATW,0.845,0.43,,
MATX,0.9,1.06,0.3,
MAYS,,,,
MBCN,0.6,0.32,,
MBI,,,,
MBIN,0.32,0.18,,
MBIO,,,,
MBOT,,,,
MBUU,,,,
MBWM,1.12,0.58,,
MC,4.1525,5.65,0.6,
MCB,,,,
MCBC,0.32,0.16,,
MCD,5.04,5.25,1.38,
MCFT,,,,
MCHP,1.472,0.8029999999999999,,
MCHX,,,,
MCK,1.66,1.7799999999999998,0.47,
MCO,2.24,2.48,0.7,
MCRB,,,,
MCRI,,,,
MCS,0.17,,,
MCY,2.5225,2.533,,
MD,,,,
MDB,,,,
MDC,1.287038,1.6703700000000001,0.5,
MDGL,,,,
MDLZ,1.2,0.63,,
MDRX,,,,
MDT,2.28,2.4699999999999998,,
MDU,0.836,0.855,,
MED,4.52,5.68,,
MEDP,,,,
MEI,0.44,0.5,0.14,
MEIP,,,,
MERC,0.333,0.13,,
MESA,,,,
MET,1.82,1.9,0.48,
MFA,0.325,0.385,,
MG,,,,
MGEE,1.446,0.74,,
MGM,0.158,0.01,,
MGNX,,,,
MGPI,0.48,0.24,,
MGRC,1.635,1.29,,
MGY,,0.08,0.2,
MGYR,,0.12,0.03,
MHH,,,,
MHK,,,,
MHLD,,,,
MHO,,,,
MIDD,,,,
MIND,,,,
MITK,,,,
MITT,0.09,0.8099999999999999,,
MKC,1.27,1.3900000000000001,,
MKL,,,,
MKSI,0.8,0.42000000000000004,,
MKTX,2.4,1.98,,
MLAB,0.64,0.32,,
MLI,0.4,0.52,,
MLM,2.24,2.36,0.61,
MLP,,,,
MLR,0.72,0.72,,
MLSS,,,,
MMC,1.84,2.0,0.535,
MMI,,,,
MMM,5.88,5.92,1.49,
MMS,1.12,1.12,0.28,
MMSI,,,,
MNKD,,,,
MNOV,,,,
MNR,,,,
MNRO,0.88,0.45999999999999996,,
MNST,,,,
MNTX,,,,
MO,3.4,3.52,,
MOD,,,,
MODN,,,,
MOFG,0.88,0.45,,
MOH,,,,
MORN,1.515,0.63,,
MOS,0.2,0.275,0.1125,
MOTS,,,,
MOV,,0.9500000000000001,,
MPAA,,,,
MPB,0.77,0.8400000000000001,0.2,
MPC,2.32,2.32,0.58,
MPW,1.08,1.12,,
MPWR,2.0,1.2,,
MPX,0.32,0.45999999999999996,0.12,
MRAM,,,,
MRC,,,,
MRCY,,,,
MRIN,,,,
MRK,2.39618,2.61023,,
MRKR,,,,
MRNS,,,,
MRO,0.08,0.18,0.07,
MRSN,,,,
MRTN,0.6466700000000001,0.08,,
MRVL,0.24,0.12,,
MS,5.65,2.0999999999999996,0.7,
MSA,1.71,1.75,0.44,
MSBI,1.072,0.56,,
MSCI,2.92,3.64,1.04,
MSEX,1.041,0.546,,
MSFT,2.09,1.12,,
MSI,2.63,2.92,,
MSM,11.5,3.0,0.75,
MSN,,,,
MSTR,,,,
MTB,4.4,4.5,1.2,
MTCH,,,,
MTD,,,,
MTDR,,0.125,0.05,
MTEM,,,,
MTEX,1.5699999999999998,0.32,,
MTG,0.24,0.28,0.08,
MTH,,,,
MTN,1.76,1.76,,
MTNB,,,,
MTRN,0.455,0.475,0.12,
MTRX,,,,
MTSI,,,,
MTW,,,,
MTX,0.2,0.2,0.05,
MTZ,,,,
MU,,,,
MUR,0.625,0.5,0.15,
MUSA,0.25,1.04,0.29,
MUX,,,,
MVBF,0.36,0.22,,
MVIS,,,,
MWA,0.2135,0.223,0.058,
MXL,,,,
MYE,0.54,0.54,,
MYGN,,,,
MYRG,,,,
NAII,,,,
NATH,1.4,0.7,,
NATR,,1.0,,
NAVB,,,,
NAVI,0.64,0.32,,
NBHC,0.8,0.87,0.23,
NBIX,,,,
NBN,0.04,0.04,0.01,
NBR,0.5,,,
NBTB,1.08,0.54,,
NBY,,,,
NC,0.768,0.785,,
NCLH,,,,
NCMI,0.4,0.1,,
NCSM,,,,
NDAQ,1.94,1.03,,
NDLS,,,,
NDSN,1.54,0.78,,
NE,,,,
NEE,1.4,1.54,0.425,
NEM,1.04,2.2,,
NEO,,,,
NEOG,,,,
NEON,,,,
NERV,,,,
NEU,7.6,8.0,,
NFBK,0.44,0.24,,
NFG,1.77,1.81,,
NFLX,,,,
NGS,,,,
NGVC,2.28,0.31000000000000005,0.1,
NGVT,,,,
NHC,2.08,2.1100000000000003,,
NHI,4.411,3.8025,,
NHTC,0.8,0.4,,
NI,0.84,0.88,0.235,
NICK,,,,
NINE,,,,
NJR,1.2905,1.3905,,
NKE,1.01,1.1300000000000001,,
NKSH,1.3900000000000001,0.7,,
NKTR,,,,
NL,0.16,0.24,,
NLY,0.91,0.88,,
NMIH,,,,
NMRK,0.13,0.02,,
NNBR,,,,
NNI,0.8200000000000001,0.9,0.24,
NNN,2.0700000000000003,2.1,0.53,
NNVC,,,,
NOC,5.67,6.16,1.57,
NODK,,,,
NOG,,0.215,,
NOV,0.05,0.05,,
NOVT,,,,
NOW,,,,
NPK,6.0,5.25,3.5,
NPO,1.04,1.08,0.28,
NR,,,,
NRC,0.21,0.24,,
NRG,1.2,1.3,0.35,
NRIM,1.38,0.74,,
NSA,1.35,1.5899999999999999,,
NSC,3.76,4.16,1.24,
NSIT,,,,
NSP,1.6,3.3,,
NSSC,,,,
NSTG,,,,
NTAP,1.92,1.46,,
NTCT,,,,
NTGR,,,,
NTIC,0.065,0.265,0.07,
NTIP,0.1,0.1,,
NTLA,,,,
NTNX,,,,
NTRA,,,,
NTRS,2.8,1.4,,
NTWK,,,,
NUE,1.613,1.715,,
NURO,,,,
NUS,1.5,1.52,0.385,
NVAX,,,,
NVDA,0.16,0.08,,
NVEC,4.0,3.0,,
NVEE,,,,
NVFY,,,,
NVR,,,,
NVRO,,,,
NVT,0.7,0.7,0.175,
NWBI,0.76,0.39,,
NWE,2.4,2.48,,
NWFL,1.0,1.04,0.28,
NWL,0.92,0.46,,
NWLI,0.36,,,
NWN,1.9135,1.9224999999999999,0.4825,
NWPX,,,,
NWS,0.2,0.1,,
NWSA,0.2,0.1,,
NX,0.32,0.32,,
NXRT,1.279,1.40375,,
NXST,2.24,1.4,,
NYCB,0.68,0.68,0.17,
NYMT,0.225,0.2,,
NYT,0.22999999999999998,0.27,0.07,
O,2.8025,2.846,0.493,
OC,0.96,1.04,0.7,
OCC,,,,
OCFC,0.68,0.34,,
OCN,,,,
OCUL,,,,
OCX,,,,
ODC,1.02,1.06,0.27,
ODFL,0.6033299999999999,0.4,,
ODP,0.25,,,
OESX,,,,
OFED,0.4,0.2,,
OFG,0.28,0.4,,
OFIX,,,,
OFLX,1.12,1.18,,
OGE,1.566,1.618,0.41,
OGEN,,,,
OGS,2.16,2.32,0.62,
OHI,2.68,2.68,0.67,
OI,0.05,,,
OII,,,,
OIS,,,,
OKE,3.74,3.74,0.935,
OKTA,,,,
OLED,0.6,0.4,,
OLLI,,,,
OLN,0.8,0.8,0.2,
OLP,1.8,1.8,,
OMC,2.6,2.8,,
OMCL,,,,
OMER,,,,
OMEX,,,,
OMF,5.94,8.85,0.95,
OMI,0.011,0.01,,
ON,,,,
ONB,0.56,0.28,,
ONTX,,,,
ONVO,,,,
OOMA,,,,
OPGN,,,,
OPI,2.2,1.6500000000000001,,
OPK,,,,
OPOF,0.48,0.24,,
OPRX,,,,
OPTN,,,,
OPTT,,,,
OPY,1.48,1.54,0.15,
ORA,0.44,0.48,,
ORC,0.79,0.78,0.11,
ORCL,0.96,1.2,0.32,
ORGO,,,,
ORI,0.84,3.38,,
ORLY,,,,
ORN,,,,
ORRF,0.68,0.55,,
OSBC,0.04,0.11000000000000001,,
OSG,,,,
OSIS,,,,
OSK,1.23,1.36,0.37,
OSPN,,,,
OSUR,,,,
OTTR,1.48,0.78,,
OUT,0.38,0.2,0.3,
OVBC,0.84,0.84,0.21,
OVLY,0.28,0.29,,
OXM,1.12,1.46,0.42,
OXY,0.8200000000000001,0.04,,
OZK,1.078,0.843,,
PACB,,,,
PAG,0.84,1.78,0.47,
PAHC,0.48,0.48,0.12,
PANL,,0.05500000000000001,,
PANW,,,,
PAR,,,,
PARR,,,,
PATK,1.03,0.56,,
PAYC,,,,
PAYX,2.48,1.94,,
PB,1.87,1.99,,
PBF,0.3,,,
PBH,,,,
PBHC,0.24,0.2,,
PBI,0.2,0.2,0.05,
PBPB,,,,
PBYI,,,,
PCAR,1.98,0.66,,
PCH,1.61,0.82,,
PCRX,,,,
PCTY,,,,
PCYO,,,,
PD,,,,
PDCO,1.04,0.52,,
PDEX,,,,
PDFS,,,,
PDLB,,,,
PDM,0.84,1.05,0.21,
PEB,0.04,0.04,,
PEBK,0.75,0.66,0.32999999999999996,
PEBO,1.37,1.0699999999999998,,
PED,,,,
PEG,1.96,2.04,,
PEGA,0.12,0.06,,
PEN,,,,
PENN,,,,
PEP,4.024,2.098,,
PESI,,,,
PETQ,,,,
PETS,1.11,0.5800000000000001,,
PFBC,1.2,1.06,,
PFE,1.48106,1.56,0.4,
PFG,2.24,1.17,,
PFGC,,,,
PFIE,,,,
PFIS,1.44,0.74,,
PFMT,,,,
PFS,0.92,0.93,0.24,
PG,3.1184,3.4006,0.8698,
PGC,0.2,0.1,,
PGR,2.65,6.3999999999999995,0.1,
PGRE,0.37,0.28,,
PGTI,,,,
PH,3.52,3.9699999999999998,1.03,
PHIO,,,,
PHM,0.5,0.5700000000000001,,
PHX,0.07,0.04,0.015,
PI,,,,
PII,2.48,2.52,0.64,
PINC,0.38,0.38,,
PINS,,,,
PJT,0.2,3.1999999999999997,,
PK,0.45,,,
PKBK,0.6254500000000001,0.48,,
PKE,1.4,0.30000000000000004,0.1,
PKG,3.37,4.0,,
PKOH,0.25,0.25,,
PLAB,,,,
PLAY,0.16,,,
PLBC,0.36,0.42000000000000004,,
PLCE,,,,
PLD,2.32,2.52,,
PLNT,,,,
PLOW,1.12,1.14,,
PLPC,0.8,0.4,,
PLSE,,,,
PLUG,,,,
PLUS,,,,
PLXS,,,,
PLYA,,,,
PLYM,0.9750000000000001,0.83,,
PM,4.74,4.9,,
PMD,0.18,,,
PMT,1.52,1.88,,
PMTS,,,,
PNBK,,,,
PNC,4.6,4.8,1.25,
PNFP,0.64,0.36,,
PNM,1.2309999999999999,1.3105,0.3475,
PNR,0.76,0.8,0.21,
PNRG,,,,
PNW,3.1785,3.34,0.85,
PODD,,,,
POL,0.41500000000000004,0.875,,
POOL,2.29,1.38,,
POR,1.5855,1.6975,,
POST,,,,
POWI,0.525,0.26,,
POWL,1.04,0.52,,
PPBI,1.03,0.63,,
PPC,,,,
PPG,2.1,2.26,0.59,
PPIH,,,,
PPL,1.66,1.66,,
PPSI,,0.12,,
PRA,0.46,0.2,,
PRAA,,,,
PRFT,,,,
PRGO,0.9,0.96,0.26,
PRGS,0.67,0.35,,
PRI,1.6,1.88,0.55,
PRIM,0.24,0.12,,
PRK,4.28,2.46,1.04,
PRLB,,,,
PRMW,0.24,0.24,,
PRO,,,,
PROV,0.56,0.28,,
PRPH,,0.3,,
PRTA,,,,
PRTS,,,,
PRU,4.4,4.6,1.2,
PSA,8.0,8.0,,
PSMT,0.7,0.35,,
PSN,,,,
PSTG,,,,
PSX,3.6,3.62,0.92,
PTC,,,,
PTCT,,,,
PTEN,0.1,0.04,,
PTGX,,,,
PTN,,,,
PTSI,,,,
PULM,,,,
PUMP,,,,
PVBC,0.09,0.07,,
PVH,0.038,0.0375,,
PW,,,,
PWOD,1.28,0.64,,
PWR,0.21000000000000002,0.18,0.07,
PXD,2.2,6.83,3.78,
PXLW,,,,
PYPL,,,,
PZG,,,,
PZZA,0.9,0.45,,
QCOM,2.5700000000000003,1.33,,
QCRH,0.24,0.24,,
QDEL,,,,
QLYS,,,,
QNST,,,,
QRHC,,,,
QRTEA,4.5,,,
QRVO,,,,
QTRX,,,,
QTWO,,,,
QUAD,0.15,,,
QUIK,,,,
R,2.24,2.2800000000000002,0.58,
RAIL,,,,
RAMP,,,,
RARE,,,,
RAVE,,,,
RBB,0.32999999999999996,0.38,,
RBBN,,,,
RBC,,0.33,,
RBCAA,1.144,0.616,,
RBCN,,,,
RC,1.3,1.66,,
RCKT,,,,
RCKY,0.56,0.28,,
RCL,0.78,,,
RCM,,,,
RCMT,,,,
RCUS,,,,
RDFN,,,,
RDI,,,,
RDN,0.5,0.545,0.2,
RDNT,,,,
RDUS,,,,
RDVT,,,,
REED,,,,
REFR,,,,
REG,2.38,1.19,,
REGI,,,,
REGN,,,,
REI,,,,
RELL,0.24,0.12,,
RELV,,,,
REPL,,,,
RES,,,,
RESI,,,,
REVG,0.1,0.15000000000000002,,
REX,,,,
REXR,0.86,0.96,,
REZI,,,,
RF,0.62,0.65,,
RFIL,0.02,,,
RFL,,,,
RGA,2.8,2.86,0.73,
RGCO,0.7,0.74,0.195,
RGEN,,,,
RGLD,1.12,0.8999999999999999,,
RGLS,,,,
RGNX,,,,
RGR,6.09,3.36,,
RGS,,,,
RH,,,,
RHE,,,,
RHI,1.36,1.52,0.43,
RHP,0.95,,,
RIBT,,,,
RICK,0.15,0.16,,
RIG,,,,
RIGL,,,,
RILY,1.025,10.5,,
RIOT,,,,
RJF,1.1099999999999999,1.4300000000000002,0.34,
RKDA,,,,
RL,0.688,2.0629999999999997,,
RLGT,,,,
RLI,1.95,2.74,0.25,
RLJ,0.04,0.04,,
RM,0.2,0.95,0.3,
RMAX,0.88,0.92,0.23,
RMBS,,,,
RMCF,0.12,,,
RMD,1.56,1.62,0.42,
RMR,1.52,1.1400000000000001,,
RMTI,,,,
RNG,,,,
RNR,1.4,1.44,,
RNST,0.88,0.44,,
ROCK,,,,
ROG,,,,
ROIC,0.2,0.22,,
ROK,4.13,4.33,1.12,
ROKU,,,,
ROL,0.273333,0.32,0.1,
ROP,2.051,2.2504999999999997,0.62,
ROST,0.285,0.57,,
RPD,,,,
RPM,1.46,1.54,0.4,
RRC,,,,
RRGB,,,,
RRR,0.1,,,
RRTS,,,,
RS,2.5,2.7504999999999997,,
RSG,1.6600000000000001,1.77,,
RTW,,,,
RUN,,,,
RUSHA,0.49667000000000006,0.36,,
RUSHB,0.49667000000000006,0.36,,
RVNC,,,,
RVP,,,,
RVSB,0.2,0.15000000000000002,,
RWT,0.7250000000000001,0.78,,
RYAM,,,,
RYI,,0.165,0.1,
RYN,1.08,1.08,,
RYTM,,,,
SABR,0.14,,,
SACH,0.48,0.48,,
SAFE,0.79848,0.6722400000000001,,
SAFT,3.6,1.8,,
SAGE,,,,
SAH,0.4,0.45999999999999996,,
SAIA,,,,
SAIC,1.48,1.48,0.37,
SALM,0.025,,,
SAM,,,,
SAMG,0.64,0.66,,
SANM,,,,
SANW,,,,
SASR,1.2,0.64,,
SATS,,,,
SAVE,,,,
SBAC,1.86,1.16,,
SBCF,,0.13,,
SBFG,0.4,0.215,,
SBGI,0.8,0.4,,
SBH,,,,
SBNY,2.24,1.6800000000000002,,
SBOW,,,,
SBRA,1.35,0.6,,
SBSI,1.3,0.65,,
SBT,0.01,,,
SBUX,1.68,0.9,,
SCHL,0.6,0.3,,
SCHW,0.72,0.72,0.2,
SCI,0.78,0.88,,
SCL,1.1300000000000001,1.25,0.335,
SCOR,,,,
SCS,0.37,0.5349999999999999,,
SCSC,,,,
SCVL,0.175,0.185,,
SCWX,,,,
SCX,,,,
SCYX,,,,
SD,,,,
SDPI,,,,
SEAC,,,,
SEB,9.0,9.0,2.25,
SEDG,,,,
SEE,0.64,0.76,,
SEIC,0.72,0.37,,
SELF,0.26,0.13,,
SEM,,0.375,0.125,
SENEA,,,,
SENEB,,,,
SENS,,,,
SERV,,,,
SF,0.5099990000000001,0.6,0.3,
SFBC,0.7999999999999999,0.44000000000000006,,
SFBS,0.725,0.4,,
SFIX,,,,
SFM,,,,
SFNC,0.68,0.36,,
SFST,,,,
SGA,0.32,0.8200000000000001,,
SGC,0.30000000000000004,0.45999999999999996,0.12,
SGH,,,,
SGMA,,,,
SGMO,,,,
SGRP,,,,
SGRY,,,,
SHAK,,,,
SHBI,0.48,0.24,,
SHEN,0.34,18.75,,
SHO,0.05,,,
SHOO,0.15,0.3,,
SHW,1.786668,2.2,0.6,
SIBN,,,,
SIEB,,,,
SIF,,,,
SIG,0.37,0.36,0.18,
SIGA,,,,
SIGI,0.9400000000000001,0.5,,
SILK,,,,
SINT,,,,
SIRI,0.054,0.03,,
SITC,,,,
SITE,,,,
SIX,0.25,,,
SJM,3.56,3.7800000000000002,0.99,
SJW,1.28,1.36,0.36,
SKT,0.713,0.716,0.1825,
SKX,,,,
SKY,,,,
SKYW,0.14,,,
SLAB,,,,
SLB,0.875,0.5,0.125,
SLCA,0.02,,,
SLDB,,,,
SLG,4.723864,6.078200000000001,0.6216,
SLGN,0.48,0.28,,
SLM,0.12,0.06,,
SLNO,,,,
SLP,0.24,0.18,,
SLS,,,,
SM,0.02,0.02,,
SMAR,,,,
SMBC,0.6,0.72,0.2,
SMBK,0.2,0.12,,
SMG,6.78,2.56,0.66,
SMIT,,,,
SMMF,0.68,0.34,,
SMP,0.5,1.0,0.27,
SMPL,,,,
SMRT,,,,
SMSI,,,,
SMTC,,,,
SNA,4.470000000000001,5.109999999999999,1.42,
SNAP,,,,
SNBR,,,,
SNCR,,,,
SND,,,,
SNDR,2.2600000000000002,0.28,,
SNDX,,,,
SNFCA,,,,
SNOA,,,,
SNPS,,,,
SNV,1.32,1.32,,
SNX,0.163,0.8,0.3,
SO,2.54,2.62,0.66,
SOHO,0.13,,,
SOI,0.42,0.42,,
SON,1.72,1.8,0.45,
SONO,,,,
SP,,,,
SPB,1.68,1.68,0.42,
SPG,6.0,5.85,,
SPGI,2.68,3.08,0.77,
SPLK,,,,
SPOK,0.5,0.25,,
SPR,0.04,0.04,,
SPRO,,,,
SPSC,,,,
SPTN,0.772,0.4,,
SPWH,,,,
SPWR,,,,
SPXC,,,,
SQ,,,,
SR,2.5180000000000002,2.6350000000000002,,
SRCE,1.1300000000000001,0.59,,
SRCL,,,,
SRDX,,,,
SRE,4.18,4.4,,
SRG,,,,
SRI,,,,
SRNE,,,,
SRPT,,,,
SRRK,,,,
SRTS,,,,
SSB,1.88,0.94,,
SSBI,0.48,0.48,0.12,
SSD,0.6900000000000001,0.96,0.25,
SSKN,,,,
SSNC,0.53,0.32,,
SSP,0.2,,,
SSTI,,,,
SSTK,0.68,0.84,0.24,
ST,,,,
STAA,,,,
STAG,1.44,1.450497,0.243334,
STBA,1.12,0.56,,
STC,1.2,1.365,,
STCN,,,,
STE,1.54,1.6600000000000001,0.43,
STIM,,,,
STKS,,,,
STLD,1.0,0.52,,
STRA,2.4,1.2,,
STRL,,,,
STRM,,,,
STRS,,,,
STRT,0.14,,,
STT,2.08,2.1799999999999997,,
STWD,1.92,1.92,,
STX,2.62,1.34,,
STZ,3.0,3.0300000000000002,0.76,
SUI,3.16,3.32,,
SUM,,,,
SUP,,,,
SUPN,,,,
SVRA,,,,
SVT,,,,
SWAV,,,,
SWK,2.78,2.98,,
SWKS,1.88,1.0,,
SWN,,,,
SXC,0.24,0.24,0.06,
SXI,0.9,0.98,0.26,
SXT,1.56,1.58,0.41,
SYBT,1.08,0.54,,
SYBX,,,,
SYF,0.88,0.88,0.22,
SYK,2.355,2.585,,
SYPR,,,,
SYRS,,,,
SYY,1.8,1.8399999999999999,0.47,
T,2.08,2.6,0.52,
TACO,,0.08,,
TACT,,,,
TAIT,0.14500000000000002,0.08,,
TALO,,,,
TAP,0.57,0.68,,
TAST,,,,
TAYD,,,,
TBBK,,,,
TBI,,,,
TBIO,,,,
TBNK,0.92,0.56,,
TBPH,,,,
TCBI,,,,
TCBK,0.88,0.5,,
TCI,,,,
TCMD,,,,
TCON,,,,
TCS,0.21,,,
TDC,,,,
TDG,,,,
TDOC,,,,
TDS,0.68,0.7,,
TDW,0.01,,,
TDY,,,,
TECH,1.28,0.64,,
TEL,1.9,1.98,0.5,
TELL,,,,
TENB,,,,
TENX,,,,
TER,0.4,0.2,,
TEX,0.12,0.48,,
TFSL,1.12,0.56,,
TFX,1.36,1.36,,
TG,6.449999999999999,0.48,,
TGEN,,,,
TGI,0.04,,,
TGLS,0.112,0.056,,
TGNA,0.28,0.355,0.095,
TGT,2.68,3.16,0.9,
TGTX,,,,
THC,,,,
THFF,1.04,1.06,,
THG,2.65,2.8499999999999996,,
THO,1.62,1.68,,
THR,,,,
THRM,,,,
THS,,,,
TILE,0.095,0.02,,
TIPT,0.16,0.08,,
TISI,,,,
TITN,,,,
TJX,0.23,1.04,0.26,
TKR,1.1300000000000001,1.19,0.3,
TLF,,,,
TLYS,1.0,2.0,,
TMDX,,,,
TMHC,,,,
TMO,0.88,1.04,,
TMP,2.1,2.19,0.57,
TMST,,,,
TMUS,,,,
TNC,0.89,0.9400000000000001,0.25,
TNDM,,,,
TNET,,,,
TNXP,,,,
TOL,,,,
TOWN,0.72,0.38,,
TPB,0.2,0.22,,
TPC,,,,
TPH,,,,
TPHS,,,,
TPIC,,,,
TPR,0.338,0.5,0.25,
TPX,,0.32,,
TR,0.349592,0.27,,
TRC,,,,
TREE,,,,
TREX,,,,
TRGP,1.21,0.4,0.35,
TRIP,,,,
TRMB,,,,
TRMK,0.92,0.46,,
TRN,0.76,0.84,0.23,
TRNO,1.12,1.26,,
TRNS,,,,
TROW,3.6,5.16,,
TROX,0.28,0.36,,
TRS,,,,
TRST,1.088,0.681,,
TRT,,,,
TRTX,1.6400000000000001,0.71,,
TRU,,,,
TRUP,,,,
TRV,3.37,3.49,,
TRVN,,,,
TSBK,0.8,0.62,0.22,
TSCO,1.5,1.04,,
TSE,1.6,0.56,0.32,
TSLA,,,,
TSN,1.705,1.795,0.46,
TSQ,0.075,,,
TTC,1.013,1.088,,
TTD,,,,
TTEC,2.88,0.43,,
TTEK,0.66,0.37,,
TTGT,,,,
TTI,,,,
TTMI,,,,
TTNP,,,,
TTOO,,,,
TTWO,,,,
TUP,,,,
TUSK,,,,
TW,0.32,0.16,,
TWI,0.005,,,
TWIN,,,,
TWLO,,,,
TWO,0.5,0.68,,
TWOU,,,,
TWST,,,,
TXMD,,,,
TXN,3.72,3.06,,
TXRH,0.36,0.4,,
TXT,0.08,0.08,,
TYL,,,,
TZOO,,,,
UA,,,,
UAA,,,,
UAL,,,,
UAMY,,,,
UBCP,0.572,0.388,,
UBER,,,,
UBFO,0.44,0.22,,
UBOH,0.51,0.73,0.21,
UBSI,1.4,0.7,,
UCBI,0.72,0.38,,
UCTT,,,,
UDR,1.423,1.4475,0.3625,
UE,0.68,0.6,,
UEC,,,,
UEIC,,,,
UFCS,1.1400000000000001,0.3,,
UFI,,,,
UFPI,0.5,0.3,,
UFPT,,,,
UG,0.78,1.13,,
UGI,1.315,1.365,,
UHAL,2.5,0.5,,
UHS,0.2,0.8,0.2,
UHT,2.76,2.8,,
UIS,,,,
ULBI,,,,
ULH,0.21,0.21,,
ULTA,,,,
UMBF,1.25,0.64,,
UMH,0.72,0.76,0.2,
UNAM,,,,
UNB,1.28,1.32,0.35,
UNF,1.0,1.05,,
UNFI,,,,
UNH,4.83,5.6,,
UNIT,0.6,0.3,,
UNM,1.14,1.17,0.3,
UNP,3.88,4.29,1.18,
UNTY,0.32,0.36,,
UONE,,,,
UONEK,,,,
UPLD,,,,
UPS,4.04,4.08,1.52,
UPWK,,,,
URBN,,,,
URI,,,,
USAP,,,,
USB,1.68,1.76,,
USEG,,,,
USFD,,,,
USLM,0.64,0.32,,
USM,,,,
USNA,,,,
USPH,0.32,1.46,,
UTHR,,,,
UTI,,,,
UTL,1.5,1.52,0.39,
UTMD,1.125,0.57,,
UUU,,,,
UVE,0.77,0.61,,
UVSP,0.6000000000000001,0.4,,
UVV,3.83,3.1,0.78,
V,1.22,1.335,0.375,
VAC,0.54,1.08,0.62,
VAL,,,,
VALU,0.83,0.65,,
VAPO,,,,
VBFC,,,,
VBIV,,,,
VBTX,0.68,0.74,0.2,
VC,,,,
VCEL,,,,
VCTR,0.23,0.21,,
VCYT,,,,
VECO,,,,
VEEV,,,,
VERI,,,,
VERU,,,,
VFC,1.93,1.97,,
VGR,0.8,0.8,,
VHC,1.0,,,
VIAV,,,,
VICI,1.2555,1.38,,
VICR,,,,
VIRC,,,,
VIRT,0.96,0.48,,
VKTX,,,,
VLGEA,1.0,0.5,,
VLO,3.92,3.92,0.98,
VLY,0.44,0.22,,
VMC,1.36,3.48,0.4,
VMI,1.8,2.0,,
VNCE,,,,
VNDA,,,,
VNO,2.38,2.12,0.53,
VNRX,,,,
VOXX,,,,
VOYA,0.6,0.6950000000000001,0.2,
VPG,,,,
VRA,,,,
VREX,,,,
VRNS,,,,
VRNT,,,,
VRRM,,,,
VRSK,1.08,0.58,,
VRSN,,,,
VRTS,2.83,2.46,,
VRTX,,,,
VSAT,,,,
VSEC,0.36,0.27,,
VSH,0.38,0.385,,
VST,0.54,0.6,,
VSTM,,,,
VSTO,,,,
VTNR,,,,
VTR,2.1430000000000002,1.8,,
VTVT,,,,
VUZI,,,,
VVI,0.1,,,
VVV,0.464,0.5,0.125,
VXRT,,,,
VYGR,,,,
VZ,2.4725,2.5229999999999997,0.64,
W,,,,
WAB,0.48,0.48,0.15,
WABC,1.64,1.23,,
WAFD,0.88,0.46,,
WAL,1.0,1.2,0.35,
WASH,2.05,1.04,,
WAT,,,,
WATT,,,,
WBA,1.852,0.936,,
WBS,1.6,1.6,0.4,
WCC,,,,
WD,1.44,2.0,0.6,
WDAY,,,,
WDC,1.0,,,
WDFC,2.68,1.3900000000000001,,
WEC,2.5305,2.7105,0.7275,
WELL,2.7,2.44,0.61,
WEN,0.29000000000000004,0.19,,
WERN,0.44999999999999996,0.22,,
WEX,,,,
WEYS,0.96,0.48,,
WFC,1.22,0.6000000000000001,0.25,
WGO,0.45,0.54,0.18,
WH,0.56,0.88,,
WHD,0.36,0.38,0.11,
WHG,0.43,2.95,0.15,
WHLM,,,,
WHLR,,,,
WHR,4.85,5.449999999999999,1.75,
WINA,3.55,8.65,0.45,
WING,5.5,0.28,,
WIRE,0.1,0.04,,
WK,,,,
WKHS,,,,
WLDN,,,,
WLFC,,,,
WLK,1.0655000000000001,1.135,0.2975,
WM,2.18,2.3,,
WMB,1.6,1.64,,
WMK,1.24,1.25,0.32,
WMS,0.36,0.42,0.11,
WMT,2.16,2.2,,
WNC,0.24,0.32,0.08,
WNEB,0.2,0.1,,
WOR,0.98,1.09,,
WOW,,,,
WPC,4.172000000000001,4.205,,
WRB,0.47,1.88,,
WRK,1.065,0.9299999999999999,0.25,
WRLD,,,,
WSBC,1.28,0.66,,
WSBF,1.28,1.1,,
WSC,,,,
WSFS,0.48,0.25,,
WSM,1.97,2.42,0.71,
WSO,6.925,7.625,1.95,
WSR,0.6000000000000001,0.428324,0.10749899999999998,
WST,0.65,0.6900000000000001,0.18,
WSTL,,,,
WTBA,0.84,0.45999999999999996,,
WTFC,1.12,0.62,,
WTI,,,,
WTM,1.0,1.0,,
WTS,0.92,1.01,0.26,
WTTR,,,,
WU,0.9,0.94,,
WVE,,,,
WVFC,0.4,0.4,0.1,
WVVI,,,,
WWD,0.523,0.326,,
WWR,,,,
WWW,0.4,0.4,,
WY,0.51,1.18,1.63,
WYNN,1.0,,,
WYY,,,,
X,0.04,0.08,0.05,
XBIT,,2.5,,
XEL,1.72,0.916,,
XELA,,,,
XELB,,,,
XERS,,,,
XHR,0.275,,,
XNCR,,,,
XOM,3.48,3.49,0.88,
XOMA,,,,
XONE,,,,
XPER,,,,
XPL,,,,
XPO,,,,
XRAY,0.4,0.21000000000000002,,
XRX,1.0,1.0,,
XTNT,,,,
XXII,,,,
XYL,1.04,1.12,0.3,
YELP,,,,
YETI,,,,
YEXT,,,,
YMAB,,,,
YORW,0.727,0.374,,
YTEN,,,,
YUM,1.88,2.0,0.57,
Z,,,,
ZBH,0.96,0.96,,
ZBRA,,,,
ZDGE,,,,
ZEUS,0.08,0.04,,
ZG,,,,
ZION,1.36,0.68,,
ZM,,,,
ZS,,,,
ZTS,0.8,1.0,0.325,
ZUMZ,,,,
ZUO,,,,
USIO,,,,
VISL,,,,
WW,,,,
XFOR,,,,
ZYXI,,,,
