Ticker,2023_PE,Gsector
A,22.465572,Healthcare
AA,15.480176,Basic Materials
AAL,4.2087226,Industrials
AAME,,Financial Services
AAN,10.161764,Industrials
AAOI,11.321839,Technology
AAON,32.112625,Industrials
AAP,16.400002,Consumer Cyclical
AAPL,23.8892,Technology
AAT,29.246574,Real Estate
ABBV,13.463576,Healthcare
ABCB,9.709612,Financial Services
ABEO,-2.1789472,Healthcare
ABG,6.740622,Consumer Cyclical
ABIO,-0.3965909,Healthcare
ABM,12.071824,Industrials
ABMD,60.768738,
ABR,7.502924,Real Estate
ABT,20.616732,Healthcare
AC,12.544403,Financial Services
ACA,19.392857,Industrials
ACAD,13.261904,Healthcare
ACCO,3.8560002,Industrials
ACGL,10.838934,Financial Services
ACHC,18.347395,Healthcare
ACHV,-4.8777776,Healthcare
ACIW,19.941519,Technology
ACLS,12.294537,Technology
ACM,18.252964,Industrials
ACMR,13.794595,Technology
ACN,22.935213,Technology
ACNB,9.244319,Financial Services
ACOR,-0.6885417,Healthcare
ACRE,8.594936,Real Estate
ACRS,-1.4756098,Healthcare
ACTG,8.396552,Industrials
ACU,15.795367,Consumer Defensive
ADBE,22.721157,Technology
ADC,30.763441,Real Estate
ADI,26.50066,Technology
ADM,10.291228,Consumer Defensive
ADMA,13.04,Healthcare
ADNT,7.5620255,Consumer Cyclical
ADP,24.189,Industrials
ADSK,23.364437,Technology
ADT,7.6470585,Industrials
ADTN,11.526317,Technology
ADUS,18.279467,Healthcare
ADVM,-1.7900554,Healthcare
ADXS,-0.9109589,Healthcare
AE,-92.1875,Energy
AEE,15.07551,Utilities
AEHR,22.603773,Technology
AEIS,16.610052,Industrials
AEL,7.958865,Financial Services
AEMD,-0.5247148,Healthcare
AEO,12.569948,Consumer Cyclical
AEP,14.434564,Utilities
AES,8.647343,Utilities
AFG,10.690376,Financial Services
AFL,12.140784,Financial Services
AGCO,9.077106,Industrials
AGE,,Healthcare
AGEN,-0.93880713,Healthcare
AGIO,-5.517827,Healthcare
AGM,10.126769,Financial Services
AGNC,4.5979896,Real Estate
AGO,11.362963,Financial Services
AGR,15.157676,Utilities
AGRX,0.40454543,Healthcare
AGS,18.040815,Consumer Cyclical
AGX,13.51121,Industrials
AGYS,65.39371,Technology
AHH,-61.882355,Real Estate
AHT,-0.3046875,Real Estate
AIG,9.544993,Financial Services
AIN,16.93206,Consumer Cyclical
AINC,0.70863837,Financial Services
AIR,16.74092,Industrials
AIRG,16.375,Technology
AIRI,-12.4561405,Industrials
AIRT,,Industrials
AIT,18.071991,Industrials
AIV,-47.058823,Real Estate
AIZ,10.30124,Financial Services
AJG,20.714033,Financial Services
AJX,7.666667,Real Estate
AKAM,13.769441,Technology
AKBA,-3.9375,Healthcare
AKR,49.371433,Real Estate
AKTS,-1.7267648,Technology
AL,9.461394,Industrials
ALB,13.517978,Basic Materials
ALCO,59.38298,Consumer Defensive
ALDX,-13.586207,Healthcare
ALE,14.235578,Utilities
ALEC,-2.8700564,Healthcare
ALEX,21.96,Real Estate
ALG,14.516804,Industrials
ALGN,25.977922,Healthcare
ALGT,6.6699266,Industrials
ALIM,18.4,Healthcare
ALK,6.839428,Industrials
ALKS,9.511628,Healthcare
ALL,10.03896,Financial Services
ALLE,16.01581,Industrials
ALLK,-1.5,Healthcare
ALLO,-1.725,Healthcare
ALLY,7.1415267,Financial Services
ALNY,-81.78977,Healthcare
ALOT,49.34286,Technology
ALPN,-34.174603,Healthcare
ALRM,29.424778,Technology
ALSN,8.463752,Consumer Cyclical
ALT,-3.5405407,Healthcare
ALTM,14.193548,Basic Materials
ALTR,56.65493,Technology
ALV,9.990826,Consumer Cyclical
ALX,16.261337,Real Estate
AM,14.122449,Energy
AMAL,7.5045877,Financial Services
AMAT,20.779287,Technology
AMBC,41.285713,Financial Services
AMC,-3.6625001,Communication Services
AMCX,2.0344827,Communication Services
AMD,28.640144,Technology
AME,23.319094,Industrials
AMED,18.373253,Healthcare
AMG,6.3096204,Financial Services
AMGN,13.044762,Healthcare
AMH,51.884056,Real Estate
AMKR,13.88412,Technology
AMN,13.124726,Healthcare
AMNB,19.899998,Financial Services
AMP,10.793971,Financial Services
AMPE,-2.7888887,Healthcare
AMPH,9.63785,Healthcare
AMRC,10.361386,Industrials
AMRK,7.4341373,Financial Services
AMRX,9.166667,Healthcare
AMS,7.24881,Healthcare
AMSC,308.75003,Industrials
AMSF,18.92116,Financial Services
AMSWA,26.605263,Technology
AMT,23.278154,Real Estate
AMTD,,Financial Services
AMTX,-7.8,Energy
AMWD,10.118681,Consumer Cyclical
AMZN,33.081287,Consumer Cyclical
AN,8.04945,Consumer Cyclical
ANAB,-4.083893,Healthcare
ANDE,14.159793,Consumer Defensive
ANET,29.832556,Technology
ANF,15.021013,Consumer Cyclical
ANGI,35.166664,Communication Services
ANGO,-11.816326,Healthcare
ANIK,63.14634,Healthcare
ANIP,13.173652,Healthcare
ANIX,-6.6000004,Healthcare
ANSS,30.334267,Technology
AON,16.068947,Financial Services
AOS,18.999998,Industrials
AOSL,27.000002,Technology
AP,8.913043,Industrials
APA,5.8656716,Energy
APAM,11.369445,Financial Services
APD,17.597914,Basic Materials
APDN,-0.37735847,Healthcare
APEI,14.40625,Consumer Defensive
APH,31.615183,Technology
APLE,17.57143,Real Estate
APLS,40.916664,Healthcare
APOG,12.685832,Industrials
APPF,43.611538,Technology
APPN,-288.0,Technology
APPS,4.2444444,Technology
APT,5.1465516,Industrials
APTV,9.916202,Consumer Cyclical
APVO,-0.08806691,Healthcare
APYX,-2.0428572,Healthcare
AQB,-0.61935484,Consumer Defensive
AQMS,-6.7000003,Industrials
AR,12.367272,Energy
ARAY,16.384617,Healthcare
ARC,8.250001,Industrials
ARCB,8.76759,Industrials
ARCH,6.9793406,Basic Materials
ARDX,160.0,Healthcare
ARE,30.412075,Real Estate
ARES,21.64065,Financial Services
ARI,7.766129,Real Estate
ARKR,,Consumer Cyclical
ARL,,Real Estate
ARLO,21.344828,Industrials
ARMK,16.242268,Industrials
AROC,16.262712,Energy
AROW,8.403773,Financial Services
ARR,4.265258,Real Estate
ARTNA,16.657143,Utilities
ARTW,,Industrials
ARVN,-5.70377,Healthcare
ARW,7.989362,Technology
ARWR,-8.503759,Healthcare
ASB,8.890296,Financial Services
ASGN,16.048252,Technology
ASH,16.695272,Basic Materials
ASIX,6.072116,Basic Materials
ASMB,-0.7912437,Healthcare
ASPN,23.727272,Industrials
ASPS,-6.419355,Real Estate
ASRT,inf,Healthcare
ASRV,,Financial Services
ASTC,-13.455882,Industrials
ASTE,13.483871,Industrials
ASUR,10.263888,Technology
ASYS,24.1,Technology
ATEC,-16.605263,Healthcare
ATEN,15.011495,Technology
ATGE,9.61628,Consumer Defensive
ATI,19.966555,Industrials
ATKR,9.738889,Industrials
ATLC,4.191759,Financial Services
ATLO,,Financial Services
ATNI,63.6,Communication Services
ATNM,-70.0,Healthcare
ATO,16.699717,Utilities
ATOS,-5.0333333,Healthcare
ATR,24.893103,Healthcare
ATRA,-1.5,Healthcare
ATRC,-42.315792,Healthcare
ATRI,,Healthcare
ATRO,14.582609,Industrials
ATSG,12.82,Industrials
ATUS,7.423077,Communication Services
AUBN,,Financial Services
AUMN,-1.2056098,Basic Materials
AVA,13.945737,Utilities
AVAV,46.859234,Industrials
AVB,34.847427,Real Estate
AVD,11.39,Basic Materials
AVGO,22.811754,Technology
AVGR,-0.42988506,Healthcare
AVNS,9.772973,Healthcare
AVNW,8.040866,Technology
AVRO,-3.6060607,Healthcare
AVT,8.227272,Technology
AVTR,19.699186,Basic Materials
AVXL,-5.7031255,Healthcare
AVY,20.614801,Consumer Cyclical
AWI,17.783281,Industrials
AWK,21.535212,Utilities
AWR,21.59756,Utilities
AWRE,-15.076924,Technology
AX,7.2715516,Financial Services
AXDX,-0.454433,Healthcare
AXGN,37.70588,Healthcare
AXL,13.849057,Consumer Cyclical
AXNX,79.25,Healthcare
AXP,15.685657,Financial Services
AXR,,Real Estate
AXS,5.807765,Financial Services
AXSM,59.96748,Healthcare
AXTA,14.623256,Basic Materials
AXTI,16.666666,Technology
AYI,14.966847,Industrials
AYX,28.222221,Technology
AZO,17.706175,Consumer Cyclical
AZPN,27.042582,Technology
AZZ,12.655477,Industrials
B,16.148836,Industrials
BA,27.246754,Industrials
BAC,10.396067,Financial Services
BAH,25.028812,Industrials
BANC,6.7772274,Financial Services
BAND,11.446541,Technology
BANF,15.980287,Financial Services
BANR,8.778672,Financial Services
BATRA,-96.04762,Communication Services
BATRK,-155.95834,Communication Services
BAX,12.498451,Healthcare
BBCP,9.366198,Industrials
BBGI,-4.857143,Communication Services
BBSI,14.144354,Industrials
BBW,7.854167,Consumer Cyclical
BBY,10.958334,Consumer Cyclical
BC,9.42056,Consumer Cyclical
BCBP,6.1168833,Financial Services
BCC,11.276216,Basic Materials
BCLI,-1.3482143,Healthcare
BCO,8.888211,Industrials
BCOV,-178.0,Technology
BCPC,29.639414,Basic Materials
BCRX,-11.8,Healthcare
BDC,11.132876,Technology
BDL,,Consumer Cyclical
BDN,-13.757575,Real Estate
BDSI,8.873016,
BDX,16.348433,Healthcare
BE,26.500002,Industrials
BEAT,-3.4067798,Healthcare
BECN,11.799999,Industrials
BELFA,12.280703,Technology
BELFB,10.504472,Technology
BEN,8.099291,Financial Services
BERY,6.824096,Consumer Cyclical
BFAM,26.255695,Consumer Cyclical
BFIN,11.376471,Financial Services
BFS,33.1,Real Estate
BFST,7.7061076,Financial Services
BG,10.362526,Consumer Defensive
BGFV,-23.599998,Consumer Cyclical
BGS,11.935484,Consumer Defensive
BGSF,9.117021,Industrials
BH,-26.45772,Consumer Cyclical
BHB,9.021583,Financial Services
BHE,12.381146,Technology
BHF,2.4270625,Financial Services
BHLB,8.773663,Financial Services
BHR,-3.2500002,Real Estate
BHVN,-6.6552315,Healthcare
BIG,-0.5301205,Consumer Defensive
BIIB,12.374424,Healthcare
BIO,22.479166,Healthcare
BIOL,-1.3481818,Healthcare
BJ,17.327147,Consumer Defensive
BJRI,21.872482,Consumer Cyclical
BK,9.306425,Financial Services
BKD,-11.706897,Healthcare
BKE,9.119513,Consumer Cyclical
BKH,13.325243,Utilities
BKNG,16.836706,Consumer Cyclical
BKSC,,Financial Services
BKTI,4.158757,Technology
BKU,8.432177,Financial Services
BL,26.999998,Technology
BLBD,13.234941,Consumer Cyclical
BLCM,-0.07786459,Healthcare
BLD,17.756472,Industrials
BLDR,12.625691,Industrials
BLFS,-38.97778,Healthcare
BLK,16.111017,Financial Services
BLKB,16.065979,Technology
BLMN,9.243728,Consumer Cyclical
BLUE,-0.5509938,Healthcare
BMI,39.765217,Technology
BMRC,9.385621,Financial Services
BMRN,30.590908,Healthcare
BMY,6.3041606,Healthcare
BNED,-0.5497297,Consumer Cyclical
BOH,15.117333,Financial Services
BOKF,10.48818,Financial Services
BOOM,6.6041665,Energy
BOOT,20.593811,Consumer Cyclical
BOTJ,,Financial Services
BOX,14.141304,Technology
BPMC,-32.856113,Healthcare
BPOP,7.649865,Financial Services
BPRN,8.701492,Financial Services
BPTH,-0.1537208,Healthcare
BR,22.647541,Technology
BRC,13.501144,Industrials
BRID,,Consumer Defensive
BRKL,8.137256,Financial Services
BRKR,23.011799,Healthcare
BRN,,Energy
BRO,21.234375,Financial Services
BRT,-36.612244,Real Estate
BRX,23.263159,Real Estate
BRY,8.40594,Energy
BSET,10.511277,Consumer Cyclical
BSGM,-1.2769231,Healthcare
BSRR,7.9919353,Financial Services
BSX,27.223484,Healthcare
BTU,8.125926,Energy
BURL,19.579979,Consumer Cyclical
BUSE,9.670996,Financial Services
BV,14.240506,Industrials
BW,4.08,Industrials
BWA,7.533334,Consumer Cyclical
BWEN,7.3103447,Industrials
BWFG,6.5142045,Financial Services
BWXT,28.002922,Industrials
BXC,10.20186,Industrials
BXMT,9.235602,Real Estate
BXP,30.04369,Real Estate
BY,8.565218,Financial Services
BYD,8.144596,Consumer Cyclical
BYFC,,Financial Services
BYND,-3.5497384,Consumer Defensive
BZH,5.181146,Consumer Cyclical
C,8.518056,Financial Services
CABO,9.399761,Communication Services
CAC,9.489362,Financial Services
CACC,12.173459,Financial Services
CACI,17.442759,Technology
CADE,9.9175625,Financial Services
CAG,11.357934,Consumer Defensive
CAH,13.076142,Healthcare
CAKE,10.06414,Consumer Cyclical
CAL,7.366,Consumer Cyclical
CALA,-0.014814815,Healthcare
CALM,24.161573,Consumer Defensive
CALX,21.834646,Technology
CAMP,3.131313,Technology
CAPR,52.7,Healthcare
CAR,5.5558786,Industrials
CARA,-0.73715687,Healthcare
CARG,14.490322,Consumer Cyclical
CARS,24.573528,Consumer Cyclical
CASA,-0.175,Technology
CASH,7.418262,Financial Services
CASI,6.9235296,Healthcare
CASS,14.207236,Industrials
CASY,22.90896,Consumer Cyclical
CAT,14.712841,Industrials
CATC,9.8192,Financial Services
CATO,3.7076926,Consumer Cyclical
CATY,8.298795,Financial Services
CB,10.531131,Financial Services
CBAN,6.967949,Financial Services
CBAY,-30.933334,Healthcare
CBFV,9.741228,Financial Services
CBOE,20.195093,Financial Services
CBRE,15.627698,Real Estate
CBRL,11.5,Consumer Cyclical
CBSH,15.712644,Financial Services
CBT,12.019763,Basic Materials
CBU,12.41954,Financial Services
CBZ,22.96129,Industrials
CC,7.095491,Basic Materials
CCBG,9.539569,Financial Services
CCI,36.490273,Real Estate
CCK,12.1226,Consumer Cyclical
CCL,10.363637,Consumer Cyclical
CCNE,8.016878,Financial Services
CCO,-9.928572,Communication Services
CCOI,-20.570513,Communication Services
CCRN,14.789916,Healthcare
CCS,6.8027444,Consumer Cyclical
CDE,16.142857,Basic Materials
CDLX,30.625,Communication Services
CDMO,-84.77778,Healthcare
CDNA,-16.869566,Healthcare
CDNS,39.88857,Technology
CDTX,-9.007518,Healthcare
CDW,20.976583,Technology
CDXC,70.799995,Healthcare
CDXS,-4.279412,Healthcare
CDZI,-12.0,Utilities
CE,11.027279,Basic Materials
CEI,,Energy
CEIX,6.0987477,Energy
CELC,-4.6519175,Healthcare
CELH,46.27922,Consumer Defensive
CENT,16.646341,Consumer Defensive
CENTA,14.949368,Consumer Defensive
CENX,18.457447,Basic Materials
CERS,-27.833334,Healthcare
CETX,2.0727272,Technology
CEVA,40.54,Technology
CF,13.227806,Basic Materials
CFBK,8.324324,Financial Services
CFFI,,Financial Services
CFFN,9.734694,Financial Services
CFG,8.443069,Financial Services
CFR,12.406658,Financial Services
CGNX,34.907562,Technology
CHCI,,Real Estate
CHCO,13.669824,Financial Services
CHCT,29.47778,Real Estate
CHD,28.847593,Consumer Defensive
CHDN,16.796875,Consumer Cyclical
CHE,22.371014,Healthcare
CHEF,20.29448,Consumer Defensive
CHGG,4.456897,Consumer Defensive
CHH,17.13913,Consumer Cyclical
CHK,12.346153,Energy
CHMG,7.9257517,Financial Services
CHMI,3.7391305,Real Estate
CHRS,49.000004,Healthcare
CHRW,18.205128,Industrials
CHTR,7.4142528,Communication Services
CHUY,13.896227,Consumer Cyclical
CI,11.14705,Healthcare
CIA,,Financial Services
CIEN,14.676189,Technology
CIM,6.645161,Real Estate
CINF,16.456614,Financial Services
CIO,-9.510203,Real Estate
CIVB,6.9658537,Financial Services
CIX,19.559006,Industrials
CIZN,,Financial Services
CKX,,Energy
CL,24.0,Consumer Defensive
CLAR,22.607143,Consumer Cyclical
CLB,12.845529,Energy
CLDT,-917.0,Real Estate
CLDX,-12.110032,Healthcare
CLF,10.496894,Basic Materials
CLFD,301.2,Technology
CLH,21.191277,Industrials
CLIR,26.336666,Industrials
CLNE,46.399998,Energy
CLPR,10.499999,Real Estate
CLRB,-1.0918728,Healthcare
CLRO,-1.3195714,Technology
CLW,9.325052,Basic Materials
CLX,23.104687,Consumer Defensive
CMA,8.197712,Financial Services
CMC,10.578741,Basic Materials
CMCO,12.174041,Industrials
CMCSA,8.487751,Communication Services
CMCT,6.194444,Real Estate
CME,21.006014,Financial Services
CMG,47.37742,Consumer Cyclical
CMI,13.464728,Industrials
CMP,17.054794,Basic Materials
CMRX,-0.9791667,Healthcare
CMS,16.836111,Utilities
CMT,8.044643,Basic Materials
CMTL,2.80597,Technology
CNA,8.321969,Financial Services
CNC,9.613157,Healthcare
CNDT,-18.529411,Technology
CNFR,-12.857142,Financial Services
CNK,10.325301,Communication Services
CNMD,12.360001,Healthcare
CNNE,-35.363636,Consumer Cyclical
CNO,7.6098266,Financial Services
CNOB,8.40845,Financial Services
CNP,16.747126,Utilities
CNS,20.905775,Financial Services
CNSL,-2.805195,Communication Services
CNTY,-13.5,Consumer Cyclical
CNX,13.066668,Energy
CNXN,16.096104,Technology
CODA,15.113637,Industrials
COF,8.892126,Financial Services
COHN,,Financial Services
COHR,18.270903,Technology
COHU,17.52601,Technology
COKE,21.212122,Consumer Defensive
COLB,7.2346153,Financial Services
COLD,56.333332,Real Estate
COLL,10.06267,Healthcare
COLM,18.221968,Consumer Cyclical
COMM,2.483333,Technology
CONN,18.578947,Consumer Cyclical
COO,22.546835,Healthcare
COOP,6.6897745,Financial Services
COP,13.004141,Energy
COR,16.317408,Healthcare
CORT,18.21875,Healthcare
COST,41.49828,Consumer Defensive
COTY,20.070175,Consumer Defensive
CPB,14.151703,Consumer Defensive
CPE,5.1901307,Energy
CPF,8.485107,Financial Services
CPHC,,Consumer Cyclical
CPIX,11.428572,Healthcare
CPK,16.966347,Utilities
CPRI,8.212962,Consumer Cyclical
CPRT,33.524693,Industrials
CPRX,10.598592,Healthcare
CPS,-10.641379,Consumer Cyclical
CPSH,,Technology
CPSI,4.994565,Healthcare
CPSS,10.313253,Financial Services
CPT,56.636364,Real Estate
CR,24.265163,Industrials
CRAI,21.72006,Industrials
CRBP,-7.2343755,Healthcare
CRC,7.972851,Energy
CRI,10.622671,Consumer Cyclical
CRIS,-2.998047,Healthcare
CRK,11.054945,Energy
CRL,18.42317,Healthcare
CRM,24.449091,Technology
CRMD,-58.38889,Healthcare
CRMT,14.906251,Consumer Cyclical
CRNX,-12.378531,Healthcare
CROX,9.219422,Consumer Cyclical
CRS,17.92887,Industrials
CRUS,14.401626,Technology
CRVL,,Financial Services
CRVS,-2.012987,Healthcare
CRWS,6.6842103,Consumer Cyclical
CSCO,12.528,Technology
CSGP,71.50781,Real Estate
CSGS,10.909931,Technology
CSL,17.544058,Industrials
CSPI,,Technology
CSTR,16.08,Financial Services
CSV,9.953307,Consumer Cyclical
CSWI,30.116604,Industrials
CSX,15.238532,Industrials
CTAS,39.996357,Industrials
CTBI,9.702078,Financial Services
CTHR,-5.5533338,Consumer Cyclical
CTLT,36.74342,Healthcare
CTMX,-3.8809526,Healthcare
CTO,-34.019608,Real Estate
CTRE,22.071428,Real Estate
CTRN,178.66667,Consumer Cyclical
CTS,17.528736,Technology
CTSH,13.162325,Technology
CTSO,-4.0499997,Healthcare
CUBE,22.466667,Real Estate
CUBI,6.1967435,Financial Services
CUE,-1.9,Healthcare
CULP,-22.8,Consumer Cyclical
CURO,-0.13461539,Financial Services
CUTR,-0.73333335,Healthcare
CUZ,41.70909,Real Estate
CVBF,10.893333,Financial Services
CVCO,16.223162,Consumer Cyclical
CVCY,7.3940516,Financial Services
CVGI,5.181035,Consumer Cyclical
CVGW,17.387098,Consumer Defensive
CVI,12.502057,Energy
CVLT,31.92212,Technology
CVLY,11.1,Financial Services
CVM,-2.9795918,Healthcare
CVNA,-34.26446,Consumer Cyclical
CVR,,Industrials
CVS,7.408096,Healthcare
CVU,6.7692313,Industrials
CVV,10.853658,Industrials
CVX,11.277622,Energy
CW,22.851217,Industrials
CWBC,6.4067163,Financial Services
CWBR,-0.21938775,Healthcare
CWEN,,Utilities
CWH,9.516432,Consumer Cyclical
CWST,73.49593,Industrials
CWT,20.725739,Utilities
CXW,17.32558,Industrials
CYAN,,Consumer Defensive
CYCC,-0.0869922,Healthcare
CYH,14.347826,Healthcare
CYRX,-16.19,Industrials
CYTK,-18.638298,Healthcare
CZNC,9.6875,Financial Services
CZR,15.242554,Consumer Cyclical
CZWI,7.801419,Financial Services
D,14.994117,Utilities
DAIO,9.499999,Technology
DAKT,11.8125,Technology
DAL,6.868313,Industrials
DAN,8.177632,Consumer Cyclical
DAR,9.853488,Consumer Defensive
DARE,-3.8437502,Healthcare
DBD,6.750533,Technology
DBI,8.522936,Consumer Cyclical
DBX,10.672811,Technology
DCI,19.889805,Industrials
DCO,14.698369,Industrials
DCOM,6.642336,Financial Services
DCPH,-15.99367,Healthcare
DD,17.386091,Basic Materials
DDD,inf,Technology
DDS,14.110502,Consumer Cyclical
DE,14.248635,Industrials
DEA,46.76,Real Estate
DECK,26.967709,Consumer Cyclical
DEI,-19.041666,Real Estate
DELL,14.560747,Technology
DENN,10.837838,Consumer Cyclical
DFIN,16.222223,Financial Services
DFS,9.688838,Financial Services
DG,16.85109,Consumer Defensive
DGICA,12.0,Financial Services
DGII,13.506608,Technology
DGLY,-0.23237884,Communication Services
DGX,14.59134,Healthcare
DHI,9.234608,Consumer Cyclical
DHIL,,Financial Services
DHR,28.445213,Healthcare
DHX,10.173912,Technology
DIN,6.447368,Consumer Cyclical
DIOD,18.577608,Technology
DIS,20.090414,Communication Services
DIT,,Consumer Defensive
DJCO,,Technology
DK,19.52143,Energy
DKS,14.002788,Consumer Cyclical
DLA,-3.219178,Consumer Cyclical
DLB,19.91282,Industrials
DLHC,11.178947,Industrials
DLR,110.14286,Real Estate
DLTH,-35.083336,Consumer Cyclical
DLTR,14.473684,Consumer Defensive
DLX,5.843195,Communication Services
DMRC,-19.757008,Technology
DNLI,-5.96139,Healthcare
DNOW,13.064814,Industrials
DOC,32.649124,Real Estate
DOCU,16.125357,Technology
DOMO,-50.2,Technology
DOOR,13.348439,Industrials
DORM,14.242671,Consumer Cyclical
DOV,18.020102,Industrials
DOW,13.232558,Basic Materials
DPZ,29.518684,Consumer Cyclical
DRH,19.347824,Real Estate
DRI,15.946986,Consumer Cyclical
DRQ,19.76087,Energy
DRRX,-0.7801626,Healthcare
DSKE,55.266663,Industrials
DSS,-2.1621249,Consumer Cyclical
DTE,15.386332,Utilities
DUK,15.522907,Utilities
DVA,13.790674,Healthcare
DVAX,22.74,Healthcare
DVN,8.916377,Energy
DWSN,-3.1674,Energy
DX,116.7,Real Estate
DXC,5.584527,Technology
DXCM,56.367256,Healthcare
DXLG,10.7,Consumer Cyclical
DXPE,12.251256,Industrials
DXYN,2.1536,Consumer Cyclical
DY,15.839367,Industrials
DZSI,1.4628358,Technology
EA,16.752972,Communication Services
EAF,172.0,Industrials
EARN,6.009091,Financial Services
EAT,13.073171,Consumer Cyclical
EB,-264.00003,Technology
EBAY,10.2669325,Consumer Cyclical
EBF,14.113475,Industrials
EBMT,7.7108436,Financial Services
EBS,0.51226157,Healthcare
EBTC,,Financial Services
ECL,31.021948,Basic Materials
ECPG,4.6587305,Financial Services
ED,16.857143,Utilities
EDIT,-1.9014598,Healthcare
EDUC,5.1428576,Communication Services
EE,15.905662,Energy
EEFT,10.673596,Technology
EEX,-71.875,Communication Services
EFC,6.6511626,Real Estate
EFOI,-7.0495453,Consumer Cyclical
EFSC,8.56081,Financial Services
EFX,23.032427,Industrials
EGAN,19.40625,Technology
EGBN,7.2795277,Financial Services
EGHT,4.9111114,Technology
EGLE,8.493894,Industrials
EGP,31.706121,Real Estate
EGRX,1.1752874,Healthcare
EGY,6.736842,Energy
EHC,18.365639,Healthcare
EHTH,85.600006,Financial Services
EIG,11.604904,Financial Services
EIGR,-0.4791667,Healthcare
EIX,12.689285,Utilities
EKSO,-5.166667,Healthcare
EL,34.118607,Consumer Defensive
ELAN,12.415095,Healthcare
ELF,46.304844,Consumer Defensive
ELMD,28.983332,Healthcare
ELOX,-1.353662,Healthcare
ELS,32.41398,Real Estate
ELSE,,Technology
EME,20.63374,Industrials
EMKR,-13.55,Technology
EML,,Industrials
EMN,10.470066,Basic Materials
EMR,18.39249,Industrials
ENG,7.0,Industrials
ENPH,21.242188,Technology
ENR,8.229226,Industrials
ENS,10.793555,Industrials
ENSG,20.061016,Healthcare
ENSV,-3.6933334,Energy
ENTA,-2.942184,Healthcare
ENTG,29.537777,Technology
ENV,19.704762,Technology
ENVA,6.3315897,Financial Services
ENZ,-2.6666667,Healthcare
EOG,10.821458,Energy
EOLS,73.56251,Healthcare
EPAM,19.720032,Technology
EPC,12.334426,Consumer Defensive
EPM,10.18868,Energy
EPR,15.089219,Real Estate
EPRT,21.590164,Real Estate
EQBK,7.7465115,Financial Services
EQC,-187.2,Real Estate
EQH,5.119279,Financial Services
EQIX,52.870632,Real Estate
EQR,39.268295,Real Estate
EQT,10.605821,Energy
ERIE,35.93052,Financial Services
ERII,22.923077,Industrials
ES,12.602911,Utilities
ESCA,6.357143,Consumer Cyclical
ESE,21.268343,Technology
ESGR,7.2592497,Financial Services
ESNT,7.524148,Financial Services
ESP,2530.0,Industrials
ESPR,39.4,Healthcare
ESRT,75.833336,Real Estate
ESS,43.66135,Real Estate
ESSA,7.941177,Financial Services
ESTC,73.53957,Technology
ETN,27.844269,Industrials
ETR,13.817358,Utilities
ETRN,14.09375,Energy
ETSY,22.663366,Consumer Cyclical
EVBG,18.582888,Technology
EVBN,10.889362,Financial Services
EVC,-11.0,Communication Services
EVER,-106.1579,Communication Services
EVFM,-0.025454545,Healthcare
EVH,16.511906,Healthcare
EVI,,Industrials
EVOK,15.0,Healthcare
EVOL,,Technology
EVR,12.06782,Financial Services
EVRG,13.014888,Utilities
EVRI,8.009804,Consumer Cyclical
EVTC,11.76489,Technology
EW,27.137821,Healthcare
EWBC,8.867857,Financial Services
EXAS,989.1667,Healthcare
EXC,14.343513,Utilities
EXEL,15.959183,Healthcare
EXLS,15.760869,Technology
EXP,15.57205,Basic Materials
EXPD,22.041582,Industrials
EXPE,8.747889,Consumer Cyclical
EXPI,55.333332,Real Estate
EXPO,45.053925,Industrials
EXPR,-0.12575758,Consumer Cyclical
EXR,27.743801,Real Estate
EXTR,13.493976,Technology
EYE,22.050632,Consumer Cyclical
EYPT,-6.1971836,Healthcare
EZPW,9.22689,Financial Services
F,6.2953367,Consumer Cyclical
FAF,10.223283,Financial Services
FANG,9.873834,Energy
FARM,-12.4,Consumer Defensive
FARO,18.028847,Technology
FAST,29.411257,Industrials
FATE,-2.1823206,Healthcare
FBIO,-0.3568376,Healthcare
FBIZ,6.347409,Financial Services
FBK,11.709266,Financial Services
FBMS,9.0,Financial Services
FBNC,10.745584,Financial Services
FBP,9.324325,Financial Services
FC,18.19626,Consumer Defensive
FCAP,,Financial Services
FCBC,14.552632,Financial Services
FCCO,8.983696,Financial Services
FCEL,-3.7112,Industrials
FCF,9.096551,Financial Services
FCFS,14.034782,Financial Services
FCN,22.461134,Industrials
FCNCA,8.717106,Financial Services
FCPT,20.9375,Real Estate
FCX,22.803652,Basic Materials
FDBC,,Financial Services
FDP,9.796935,Consumer Defensive
FDS,23.822287,Financial Services
FDX,12.301691,Industrials
FE,13.405595,Utilities
FEIM,,Technology
FELE,20.396187,Industrials
FET,8.755868,Energy
FF,6.775,Basic Materials
FFBC,9.2125,Financial Services
FFIC,9.666667,Financial Services
FFIN,19.070969,Financial Services
FFIV,11.9185295,Technology
FFNW,37.036366,Financial Services
FFWM,6.682927,Financial Services
FGBI,12.4777775,Financial Services
FGEN,-2.5454545,Healthcare
FHB,11.782124,Financial Services
FHN,8.934132,Financial Services
FI,15.10089,Technology
FIBK,10.308881,Financial Services
FICO,38.52243,Technology
FIS,12.79096,Technology
FISI,5.5728154,Financial Services
FITB,10.241573,Financial Services
FIVE,20.353268,Consumer Cyclical
FIVN,21.889732,Technology
FIX,22.388569,Industrials
FIXX,-1.3352858,Healthcare
FIZZ,22.361809,Consumer Defensive
FL,9.520548,Consumer Cyclical
FLIC,8.380531,Financial Services
FLL,16.451612,Consumer Cyclical
FLNT,24.785715,Communication Services
FLO,19.03817,Consumer Defensive
FLR,12.722398,Industrials
FLS,15.986441,Industrials
FLT,13.448338,Technology
FLWS,23.25641,Consumer Cyclical
FLXS,10.806558,Consumer Cyclical
FMAO,11.647727,Financial Services
FMBH,9.325301,Financial Services
FMC,11.708333,Basic Materials
FMNB,9.170543,Financial Services
FN,18.669903,Technology
FNB,8.662338,Financial Services
FNCB,,Financial Services
FND,41.322098,Consumer Cyclical
FNF,8.59375,Financial Services
FNKO,16.026316,Consumer Cyclical
FNLC,,Financial Services
FNWB,9.318182,Financial Services
FOLD,25.615385,Healthcare
FONR,,Healthcare
FOR,7.61425,Real Estate
FORD,7.68,Consumer Cyclical
FORM,27.695652,Technology
FORR,10.7,Industrials
FOSL,-0.6822807,Consumer Cyclical
FOX,12.204256,Communication Services
FOXA,8.203704,Communication Services
FOXF,10.056848,Consumer Cyclical
FPI,-269.0,Real Estate
FR,27.527271,Real Estate
FRBA,6.7126436,Financial Services
FRBK,0.02,Financial Services
FRD,,Basic Materials
FRME,9.658958,Financial Services
FRPH,72.166664,Real Estate
FRPT,171.08064,Consumer Defensive
FRT,32.757862,Real Estate
FSBW,6.8205686,Financial Services
FSFG,6.596708,Financial Services
FSLR,8.269231,Technology
FSLY,74.41176,Technology
FSP,-5.8125,Real Estate
FSS,24.341318,Industrials
FSTR,13.922156,Industrials
FTDR,11.803846,Consumer Cyclical
FTEK,inf,Industrials
FTI,14.556819,Energy
FTK,6.3703704,Energy
FTNT,32.56701,Technology
FTV,18.050358,Technology
FUL,15.154159,Basic Materials
FULT,10.474683,Financial Services
FUNC,7.171428,Financial Services
FUSB,,Financial Services
FWONA,45.123188,Communication Services
FWONK,50.7029,Communication Services
FWRD,14.582782,Industrials
G,9.343465,Technology
GABC,12.064638,Financial Services
GAIA,383.0,Communication Services
GALT,-2.2075472,Healthcare
GATX,15.333333,Industrials
GBCI,15.662338,Financial Services
GBLI,9.284023,Financial Services
GBX,11.073991,Industrials
GCBC,,Financial Services
GCI,10.083334,Communication Services
GCO,11.717592,Consumer Cyclical
GD,17.5913,Industrials
GDDY,19.363924,Technology
GDEN,19.78395,Consumer Cyclical
GDOT,4.8342543,Financial Services
GE,32.364002,Industrials
GEF,11.761996,Consumer Cyclical
GEN,9.072072,Technology
GENC,5.4919095,Industrials
GEO,10.846715,Industrials
GEOS,30.374998,Energy
GERN,-26.199999,Healthcare
GES,8.36875,Consumer Cyclical
GEVO,-1.6892308,Basic Materials
GFF,11.956203,Industrials
GGG,24.3769,Industrials
GH,-6.185567,Healthcare
GHC,15.994756,Consumer Defensive
GHM,71.38462,Industrials
GIFI,345.0,Industrials
GIII,7.9295774,Consumer Cyclical
GILD,9.06815,Healthcare
GIS,15.023454,Consumer Defensive
GKOS,-75.59055,Healthcare
GLBZ,,Financial Services
GLDD,9.565217,Industrials
GLPI,14.338926,Real Estate
GLRE,7.575,Financial Services
GLT,4.205882,Basic Materials
GLW,15.311927,Technology
GLYC,-4.0,Healthcare
GM,4.6097307,Consumer Cyclical
GME,184.83334,Consumer Cyclical
GMED,15.133739,Healthcare
GMRE,270.3333,Real Estate
GMS,10.561644,Industrials
GNE,33.23913,Utilities
GNK,9.526786,Industrials
GNL,-11.031746,Real Estate
GNRC,17.210127,Industrials
GNTX,14.115226,Consumer Cyclical
GNTY,11.970833,Financial Services
GNW,6.5888886,Financial Services
GOGO,15.894738,Communication Services
GOLF,16.986073,Consumer Cyclical
GOOD,222.83334,Real Estate
GOOG,19.484024,Communication Services
GOOGL,19.263906,Communication Services
GORO,-4.6,Basic Materials
GOSS,-1.0142857,Healthcare
GPC,14.637803,Consumer Cyclical
GPI,7.417255,Consumer Cyclical
GPK,8.975695,Consumer Cyclical
GPMT,15.888888,Real Estate
GPN,9.329027,Industrials
GPOR,5.467103,Energy
GPRE,9.9375,Basic Materials
GPRO,11.533333,Technology
GPS,12.987342,Consumer Cyclical
GRBK,7.3049936,Consumer Cyclical
GRC,17.643616,Industrials
GRMN,23.95854,Technology
GROW,,Financial Services
GRPN,8.626865,Communication Services
GRTS,-0.8333334,Healthcare
GS,10.427908,Financial Services
GSAT,-129.0,Communication Services
GSBC,10.447155,Financial Services
GSHD,27.1,Financial Services
GSIT,-7.1454544,Technology
GT,6.361702,Consumer Cyclical
GTES,10.550899,Industrials
GTHX,-9.921053,Healthcare
GTIM,133.5,Consumer Cyclical
GTLS,10.123683,Industrials
GTN,-10.849057,Communication Services
GTX,6.9781027,Consumer Cyclical
GTY,22.966103,Real Estate
GV,,Consumer Defensive
GVA,11.077844,Industrials
GVP,-1.3485714,Technology
GWRE,64.18604,Technology
GWRS,36.0,Utilities
GWW,21.37703,Industrials
H,33.662895,Consumer Cyclical
HA,-8.246754,Industrials
HAE,20.897726,Healthcare
HAFC,6.8609867,Financial Services
HAIN,13.347826,Consumer Defensive
HAL,9.510153,Energy
HALL,,Financial Services
HALO,8.355263,Healthcare
HAS,14.630072,Consumer Cyclical
HASI,9.402255,Real Estate
HAYN,12.636555,Industrials
HBAN,9.419581,Financial Services
HBB,12.7125,Consumer Cyclical
HBCP,8.027523,Financial Services
HBI,7.125,Consumer Cyclical
HBIO,13.172414,Healthcare
HBNC,7.6026487,Financial Services
HCA,13.35431,Healthcare
HCC,12.227191,Basic Materials
HCI,10.651119,Financial Services
HCKT,11.9175825,Technology
HCSG,12.206897,Healthcare
HD,20.292654,Consumer Cyclical
HDSN,7.936,Basic Materials
HE,4.4570136,Utilities
HEAR,11.102363,Technology
HEES,8.4719305,Industrials
HEI,49.617226,Industrials
HELE,9.009718,Consumer Defensive
HES,14.677541,Energy
HFBL,,Financial Services
HFWA,9.589189,Financial Services
HGV,8.639004,Consumer Cyclical
HHS,7.019802,Industrials
HI,11.52657,Industrials
HIBB,9.476922,Consumer Cyclical
HIFS,,Financial Services
HIG,8.454625,Financial Services
HII,14.636891,Industrials
HIW,63.902443,Real Estate
HL,29.5625,Basic Materials
HLF,3.4055116,Consumer Defensive
HLI,22.485008,Financial Services
HLIT,11.548387,Technology
HLNE,24.99329,Financial Services
HLT,23.797346,Consumer Cyclical
HLX,13.097561,Energy
HMN,9.649215,Financial Services
HMNF,,Financial Services
HMST,13.172043,Financial Services
HNI,12.673717,Industrials
HNRG,19.653847,Energy
HOFT,9.090909,Consumer Cyclical
HOG,7.19456,Consumer Cyclical
HOLX,17.259682,Healthcare
HOMB,11.665025,Financial Services
HON,17.714153,Industrials
HONE,12.20482,Financial Services
HOPE,7.6488557,Financial Services
HOV,205.31944,Consumer Cyclical
HP,10.084616,Energy
HPE,8.333333,Technology
HPP,-4.7540984,Real Estate
HPQ,7.7382917,Technology
HQY,21.738293,Healthcare
HR,-34.707317,Real Estate
HRB,10.17888,Consumer Cyclical
HRI,9.041087,Industrials
HRL,21.166668,Consumer Defensive
HROW,17.271187,Healthcare
HRTG,5.7683616,Financial Services
HRTX,-8.285714,Healthcare
HSIC,12.305506,Healthcare
HSII,8.987804,Industrials
HSON,8.418367,Industrials
HST,15.341464,Real Estate
HSTM,42.95,Healthcare
HSY,19.607683,Consumer Defensive
HTBI,9.049296,Financial Services
HTBK,9.566265,Financial Services
HTH,17.733334,Financial Services
HTLD,18.754717,Industrials
HTLF,8.736514,Financial Services
HUBB,21.040318,Industrials
HUBG,14.313168,Industrials
HUBS,71.922714,Technology
HUM,15.0668335,Healthcare
HUN,14.728395,Basic Materials
HURC,,Industrials
HURN,13.833828,Industrials
HUSA,,Energy
HVT,8.825214,Consumer Cyclical
HWBK,,Financial Services
HWC,9.005952,Financial Services
HWKN,20.702185,Basic Materials
HXL,21.989725,Industrials
HY,6.55879,Industrials
HZO,6.949296,Consumer Cyclical
IAC,-70.98508,Communication Services
IART,8.080333,Healthcare
IBCP,8.467576,Financial Services
IBIO,-0.7125,Healthcare
IBKR,17.233534,Financial Services
IBM,15.965418,Technology
IBOC,,Financial Services
IBP,18.25949,Consumer Cyclical
IBTX,9.475827,Financial Services
ICAD,-7.9444437,Healthcare
ICCC,-44.636364,Healthcare
ICD,-2.0777779,Energy
ICE,19.246635,Financial Services
ICFI,18.861437,Industrials
ICHR,18.121494,Technology
ICUI,14.442477,Healthcare
IDA,16.426344,Utilities
IDCC,21.651318,Technology
IDN,35.666664,Technology
IDT,23.693335,Communication Services
IDXG,-9.466666,Healthcare
IDXX,38.830578,Healthcare
IESC,,Industrials
IEX,24.226374,Industrials
IFF,20.29976,Basic Materials
III,7.4888887,Technology
IIIN,9.610778,Industrials
IIIV,12.342391,Technology
IIPR,17.796902,Real Estate
ILMN,50.43033,Healthcare
ILPT,-2.4444444,Real Estate
IMKTA,15.265958,Consumer Defensive
IMMR,11.359375,Technology
IMXI,7.750958,Technology
INBK,7.840909,Financial Services
INCY,9.839319,Healthcare
INDB,10.007969,Financial Services
INFN,20.956522,Technology
INFU,18.775,Healthcare
INGN,-3.4693878,Healthcare
INGR,11.157741,Consumer Defensive
INN,-33.38889,Real Estate
INO,-3.377581,Healthcare
INOD,-116.8,Technology
INPX,-0.06756411,Technology
INSE,8.018868,Consumer Cyclical
INSG,-4.2421055,Technology
INSM,-6.4712043,Healthcare
INSP,389.7742,Healthcare
INSW,5.517964,Energy
INTC,15.388888,Technology
INTG,,Consumer Cyclical
INTT,9.08871,Technology
INTU,33.18939,Technology
INUV,inf,Communication Services
INVA,15.418366,Healthcare
INVE,-63.0,Technology
INVH,44.41559,Real Estate
IONS,-13.015772,Healthcare
IOR,,Financial Services
IOSP,16.23816,Basic Materials
IOVA,-16.591549,Healthcare
IP,12.478571,Consumer Cyclical
IPAR,20.169844,Consumer Defensive
IPG,10.112957,Communication Services
IPGP,18.13823,Technology
IPI,-42.808514,Basic Materials
IPWR,-6.7913046,Industrials
IQV,18.46773,Healthcare
IR,26.361582,Industrials
IRBT,-6.0281696,Consumer Cyclical
IRDM,31.418367,Communication Services
IRIX,-9.827586,Healthcare
IRM,36.224297,Real Estate
IRMD,23.748537,Healthcare
IROQ,,Financial Services
IRT,52.566666,Real Estate
IRTC,-64.08187,Healthcare
IRWD,9.567902,Healthcare
ISDR,10.717592,Technology
ISRG,50.424488,Healthcare
ISSC,14.086956,Industrials
ISTR,8.732985,Financial Services
IT,31.884853,Technology
ITCI,66.49074,Healthcare
ITGR,18.512436,Healthcare
ITI,21.333334,Technology
ITIC,,Financial Services
ITRI,21.12844,Technology
ITT,19.807043,Industrials
ITW,22.293152,Industrials
IVAC,-12.441176,Industrials
IVR,2.2207794,Real Estate
IVZ,7.6594596,Financial Services
IZEA,18.533333,Communication Services
JACK,7.9706707,Consumer Cyclical
JAGX,-0.41288462,Healthcare
JAKK,4.428571,Consumer Cyclical
JAZZ,5.2738094,Healthcare
JBGS,-8.934525,Real Estate
JBHT,19.193624,Industrials
JBL,11.177143,Technology
JBLU,-71.0,Industrials
JBSS,20.945377,Consumer Defensive
JBT,15.684859,Industrials
JCI,15.832116,Industrials
JCTCF,,Basic Materials
JEF,10.476886,Financial Services
JELD,10.0,Industrials
JHG,10.69178,Financial Services
JILL,6.8650136,Consumer Cyclical
JJSF,23.308998,Consumer Defensive
JKHY,28.542107,Technology
JLL,11.771986,Real Estate
JNJ,13.144546,Healthcare
JNPR,15.475555,Technology
JOB,3.143,Industrials
JOE,520.0,Real Estate
JOUT,11.717142,Consumer Cyclical
JPM,11.648847,Financial Services
JRVR,4.582474,Financial Services
JVA,4.075,Consumer Defensive
JWN,9.457711,Consumer Cyclical
JYNT,30.615385,Healthcare
K,15.186352,Consumer Defensive
KAI,24.958067,Industrials
KALA,-0.5930435,Healthcare
KALU,12.017263,Basic Materials
KALV,-4.748954,Healthcare
KAMN,45.99,Industrials
KAR,17.18,Consumer Cyclical
KBH,7.7556887,Consumer Cyclical
KBR,16.651281,Industrials
KDP,16.280193,Consumer Defensive
KE,9.780374,Industrials
KELYA,9.176001,Industrials
KEQU,16.527777,Consumer Cyclical
KEX,16.73773,Industrials
KEY,8.88957,Financial Services
KEYS,20.127892,Technology
KFFB,,Financial Services
KFRC,16.69189,Industrials
KFY,13.030044,Industrials
KHC,12.028037,Consumer Defensive
KIDS,-28.76699,Healthcare
KIM,24.839998,Real Estate
KINS,-10.714286,Financial Services
KIRK,-1.6186441,Consumer Cyclical
KKR,15.358086,Financial Services
KLAC,24.253695,Technology
KLIC,16.647482,Technology
KLXE,7.0531917,Energy
KMB,18.107428,Consumer Defensive
KMI,14.624001,Energy
KMPR,10.878732,Financial Services
KMT,14.260607,Industrials
KMX,18.271505,Consumer Cyclical
KN,12.176924,Technology
KNSA,34.03636,Healthcare
KNSL,20.780893,Financial Services
KNX,16.629496,Industrials
KO,20.59,Consumer Defensive
KOD,-0.722973,Healthcare
KODK,,Industrials
KOP,9.749049,Basic Materials
KOPN,78.600006,Technology
KOS,5.349057,Energy
KPTI,-1.019802,Healthcare
KR,12.171429,Consumer Defensive
KRC,21.528662,Real Estate
KREF,7.4094486,Real Estate
KRG,90.833336,Real Estate
KRNY,11.020408,Financial Services
KRO,15.472973,Basic Materials
KRYS,36.28436,Healthcare
KSS,9.068182,Consumer Cyclical
KTCC,,Technology
KTOS,33.622643,Industrials
KURA,-7.97561,Healthcare
KVHI,32.0,Technology
KW,-7.535088,Real Estate
KWR,18.287254,Basic Materials
KZR,-0.6596,Healthcare
L,25.913794,Financial Services
LAD,6.8547564,Consumer Cyclical
LADR,8.0074625,Real Estate
LAKE,8.401014,Consumer Cyclical
LAMR,20.396128,Real Estate
LANC,27.573698,Consumer Defensive
LAND,-43.72414,Real Estate
LARK,,Financial Services
LASR,-49.52174,Technology
LAUR,9.477124,Consumer Defensive
LAZ,9.188544,Financial Services
LBAI,7.6187496,Financial Services
LBC,38.125,Financial Services
LBRDA,5.8700237,Communication Services
LBRDK,6.5262465,Communication Services
LBRT,6.7484665,Energy
LBTYA,-9.135057,Communication Services
LBTYK,-3.3683128,Communication Services
LC,10.162162,Financial Services
LCII,14.441668,Consumer Cyclical
LCNB,9.096775,Financial Services
LCUT,9.934783,Consumer Cyclical
LDOS,16.210405,Technology
LE,38.0,Consumer Cyclical
LEA,7.0594506,Consumer Cyclical
LECO,20.927551,Industrials
LEE,6.5851064,Communication Services
LEG,13.689393,Consumer Cyclical
LEGH,10.554405,Consumer Cyclical
LEN,9.279069,Consumer Cyclical
LEU,15.387097,Energy
LEVI,14.5342455,Consumer Cyclical
LFUS,19.22,Technology
LFVN,8.714286,Consumer Defensive
LGIH,7.614733,Consumer Cyclical
LGL,24.782608,Technology
LGND,12.480357,Healthcare
LH,12.625078,Healthcare
LIFE,-1.6526316,Healthcare
LII,20.614769,Industrials
LILA,9.4375,Communication Services
LILAK,25.133331,Communication Services
LIN,25.726955,Basic Materials
LINC,15.67647,Consumer Defensive
LIND,-61.166668,Consumer Cyclical
LIQT,-4.5932207,Industrials
LITE,18.386553,Technology
LIVE,3.4053335,Consumer Cyclical
LIVN,16.79217,Healthcare
LKFN,16.601696,Financial Services
LKQ,9.892201,Consumer Cyclical
LL,-1.0463576,Consumer Cyclical
LLY,42.941174,Healthcare
LMAT,35.217392,Healthcare
LMFA,-0.40835,Financial Services
LMNR,47.09524,Consumer Defensive
LMT,16.628399,Industrials
LNC,3.5740497,Financial Services
LNG,16.253347,Energy
LNN,20.815413,Industrials
LNT,15.229358,Utilities
LNTH,9.976012,Healthcare
LOAN,10.306123,Real Estate
LOB,11.460993,Financial Services
LOCO,12.17143,Consumer Cyclical
LODE,-1.632353,Real Estate
LOOP,-20.285713,Basic Materials
LOPE,15.242674,Consumer Defensive
LOVE,11.09,Consumer Cyclical
LOW,16.95093,Consumer Cyclical
LPCN,-8.105263,Healthcare
LPG,8.963123,Energy
LPLA,13.801538,Financial Services
LPSN,-0.65051943,Technology
LPTH,-15.777777,Technology
LPX,14.464428,Industrials
LQDA,-37.794117,Healthcare
LQDT,13.919355,Consumer Cyclical
LRCX,24.755327,Technology
LRN,13.622449,Consumer Defensive
LSBK,,Financial Services
LSCC,38.324024,Technology
LSTR,21.965996,Industrials
LSXMA,9.079245,Communication Services
LSXMK,15.522581,Communication Services
LTBR,,Industrials
LTC,17.606382,Real Estate
LTRPA,-3.9512196,Communication Services
LTRX,7.8333335,Technology
LULU,22.765152,Consumer Cyclical
LUNA,6.645161,Technology
LUV,12.905473,Industrials
LVS,14.355988,Consumer Cyclical
LW,13.334399,Consumer Defensive
LWAY,16.762295,Consumer Defensive
LXP,inf,Real Estate
LXRX,-2.3333333,Healthcare
LXU,26.57143,Basic Materials
LYB,10.21144,Basic Materials
LYFT,18.61905,Technology
LYTS,13.773586,Technology
LYV,40.04955,Communication Services
LZB,11.057239,Consumer Cyclical
M,6.9810605,Consumer Cyclical
MA,26.921242,Financial Services
MAA,30.51643,Real Estate
MAC,-137.6,Real Estate
MACK,-8.280899,Healthcare
MAN,11.519083,Industrials
MANH,46.619907,Technology
MAR,21.986034,Consumer Cyclical
MARA,43.405403,Financial Services
MARK,-1.2488183,Technology
MAS,15.010964,Industrials
MASI,34.375957,Healthcare
MAT,11.896104,Consumer Cyclical
MATW,9.955719,Industrials
MATX,12.5325575,Industrials
MAYS,,Real Estate
MBCN,12.482557,Financial Services
MBI,-9.530303,Financial Services
MBIN,7.087874,Financial Services
MBIO,-0.04920635,Healthcare
MBOT,-1.4414062,Healthcare
MBUU,7.7494307,Consumer Cyclical
MBWM,8.218679,Financial Services
MC,19.553785,Financial Services
MCB,5.4013605,Financial Services
MCBC,11.0236225,Financial Services
MCD,20.225185,Consumer Cyclical
MCFT,8.682404,Consumer Cyclical
MCHP,29.292994,Technology
MCHX,66.200005,Communication Services
MCK,17.323767,Healthcare
MCO,29.79324,Financial Services
MCRB,-1.23825,Healthcare
MCRI,14.637148,Consumer Cyclical
MCS,23.709091,Communication Services
MCY,11.119149,Financial Services
MD,6.875969,Healthcare
MDB,104.03989,Technology
MDC,11.226381,Consumer Cyclical
MDGL,-13.88836,Healthcare
MDLZ,18.93158,Consumer Defensive
MDRX,10.376623,Healthcare
MDT,14.722936,Healthcare
MDU,16.802721,Industrials
MED,8.795527,Consumer Cyclical
MEDP,29.667685,Healthcare
MEI,64.15789,Technology
MEIP,-0.52136755,Healthcare
MERC,22.021738,Basic Materials
MESA,-10.219999,Industrials
MET,7.1437187,Financial Services
MFA,6.418182,Real Estate
MG,9.722222,Industrials
MGEE,19.434242,Utilities
MGM,13.599999,Consumer Cyclical
MGNX,-8.211111,Healthcare
MGPI,11.417759,Consumer Defensive
MGRC,17.399673,Industrials
MGY,10.7136755,Energy
MGYR,,Financial Services
MHH,8.969697,Industrials
MHK,10.305631,Consumer Cyclical
MHLD,8.32,Financial Services
MHO,6.378705,Consumer Cyclical
MIDD,12.309123,Industrials
MIND,5.083333,Technology
MITK,10.887932,Technology
MITT,7.4864864,Real Estate
MKC,24.694805,Consumer Defensive
MKL,14.746208,Financial Services
MKSI,17.193642,Technology
MKTX,24.312273,Financial Services
MLAB,286.7027,Technology
MLI,11.751579,Industrials
MLM,24.149323,Basic Materials
MLP,,Real Estate
MLR,,Consumer Cyclical
MLSS,-12.4,Healthcare
MMC,21.03692,Financial Services
MMI,32.989586,Real Estate
MMM,12.715415,Industrials
MMS,15.834319,Industrials
MMSI,20.357141,Healthcare
MNKD,16.44,Healthcare
MNOV,-5.375,Healthcare
MNR,5.7843137,Energy
MNRO,16.615854,Consumer Cyclical
MNST,26.073172,Consumer Defensive
MNTX,7.5507245,Industrials
MO,8.281664,Consumer Defensive
MOD,24.312336,Consumer Cyclical
MODN,20.880281,Technology
MOFG,7.307971,Financial Services
MOH,12.860902,Healthcare
MORN,34.17775,Financial Services
MOS,10.749999,Basic Materials
MOTS,-0.004327449,Healthcare
MOV,9.398523,Consumer Cyclical
MPAA,10.142857,Consumer Cyclical
MPB,6.857627,Financial Services
MPC,10.626901,Energy
MPW,9.387754,Real Estate
MPWR,41.316666,Technology
MPX,11.315789,Consumer Cyclical
MRAM,14.54902,Technology
MRC,7.964539,Energy
MRCY,54.230774,Industrials
MRIN,-56.6,Technology
MRK,13.078947,Healthcare
MRKR,-1.1911765,Healthcare
MRNS,-1.0930233,Healthcare
MRO,8.443397,Energy
MRSN,-4.342466,Healthcare
MRTN,16.752476,Industrials
MRVL,27.4625,Technology
MS,11.936924,Financial Services
MSA,21.450653,Industrials
MSBI,7.180328,Financial Services
MSCI,27.908327,Financial Services
MSEX,21.58298,Utilities
MSFT,29.22898,Technology
MSI,24.487364,Technology
MSM,14.23401,Industrials
MSN,0.1393366,Technology
MSTR,475.45984,Technology
MTB,8.89101,Financial Services
MTCH,12.278884,Communication Services
MTD,27.65857,Healthcare
MTDR,7.3294115,Energy
MTEM,-0.42239183,Healthcare
MTEX,,Consumer Defensive
MTG,7.8910513,Financial Services
MTH,7.9263515,Consumer Cyclical
MTN,19.623835,Consumer Cyclical
MTNB,-1.6881819,Healthcare
MTRN,15.386882,Basic Materials
MTRX,13.247059,Industrials
MTSI,31.17737,Technology
MTW,7.9084973,Industrials
MTX,10.548481,Basic Materials
MTZ,21.319714,Industrials
MU,14.981432,Technology
MUR,7.477387,Energy
MUSA,15.487276,Consumer Cyclical
MUX,-27.95122,Basic Materials
MVBF,7.7456894,Financial Services
MVIS,-3.152174,Technology
MWA,19.8,Industrials
MXL,28.094595,Technology
MYE,12.882353,Consumer Cyclical
MYGN,85.08695,Healthcare
MYRG,20.423832,Industrials
NAII,,Consumer Defensive
NATH,,Consumer Cyclical
NATR,20.260418,Consumer Defensive
NAVB,-0.225,Healthcare
NAVI,8.032085,Financial Services
NBHC,9.948328,Financial Services
NBIX,21.457098,Healthcare
NBN,7.860183,Financial Services
NBR,10.046025,Energy
NBTB,10.974921,Financial Services
NBY,4.04,Healthcare
NC,,Energy
NCLH,10.936416,Consumer Cyclical
NCMI,32.92308,Communication Services
NCSM,9.8795185,Energy
NDAQ,19.6875,Financial Services
NDLS,-6.565217,Consumer Cyclical
NDSN,23.05268,Industrials
NE,7.6782007,Energy
NEE,18.19837,Utilities
NEM,11.288889,Basic Materials
NEO,99.42857,Healthcare
NEOG,22.41818,Healthcare
NEON,7.9666667,Technology
NERV,-0.5198018,Healthcare
NEU,20.407436,Basic Materials
NFBK,8.597938,Financial Services
NFG,8.536978,Energy
NFLX,24.659204,Communication Services
NGS,16.355555,Energy
NGVC,19.95122,Consumer Defensive
NGVT,10.047151,Basic Materials
NHC,211.32558,Healthcare
NHI,20.950167,Real Estate
NHTC,,Consumer Cyclical
NI,15.05946,Utilities
NICK,,Financial Services
NINE,-3.857143,Energy
NJR,15.170137,Utilities
NKE,23.356962,Consumer Cyclical
NKSH,9.749091,Financial Services
NKTR,-2.056338,Healthcare
NL,9.658823,Industrials
NLY,6.8644686,Real Estate
NMIH,6.8123617,Financial Services
NMRK,7.3615384,Real Estate
NNBR,-71.2,Industrials
NNI,16.379131,Financial Services
NNN,19.867647,Real Estate
NNVC,-1.0810812,Healthcare
NOC,17.611837,Industrials
NODK,,Financial Services
NOG,6.6978655,Energy
NOV,10.15934,Energy
NOVT,38.357845,Technology
NOW,42.74538,Technology
NPK,94.24138,Industrials
NPO,17.745863,Industrials
NR,16.52381,Energy
NRC,29.525864,Healthcare
NRG,11.145705,Utilities
NRIM,9.104762,Financial Services
NSA,32.74766,Real Estate
NSC,16.569786,Industrials
NSIT,14.915851,Technology
NSP,25.796993,Industrials
NSSC,26.601309,Industrials
NSTG,-0.06343374,Healthcare
NTAP,15.232489,Technology
NTCT,9.0422535,Technology
NTGR,26.872726,Technology
NTIC,17.7,Basic Materials
NTIP,,Industrials
NTLA,-3.8979964,Healthcare
NTNX,45.984848,Technology
NTRA,-78.050415,Healthcare
NTRS,11.604225,Financial Services
NTWK,6.631579,Technology
NUE,13.985891,Basic Materials
NURO,10.924999,Healthcare
NUS,7.587097,Consumer Defensive
NVAX,-108.25,Healthcare
NVDA,27.862625,Technology
NVEC,28.763252,Technology
NVEE,16.357895,Industrials
NVFY,,Consumer Cyclical
NVR,14.606602,Consumer Cyclical
NVRO,-4.7657657,Healthcare
NVT,20.244383,Industrials
NWBI,10.816327,Financial Services
NWE,13.706521,Utilities
NWFL,,Financial Services
NWL,10.447369,Consumer Defensive
NWLI,,Financial Services
NWN,13.576513,Utilities
NWPX,11.344086,Industrials
NWS,,Communication Services
NWSA,26.741573,Communication Services
NX,12.441948,Industrials
NXRT,-48.914288,Real Estate
NXST,9.289611,Communication Services
NYCB,9.464286,Financial Services
NYMT,7.527472,Real Estate
NYT,23.010695,Communication Services
O,32.846626,Real Estate
OC,10.666455,Industrials
OCC,,Technology
OCFC,7.647669,Financial Services
OCN,3.3012729,Financial Services
OCUL,-5.3863635,Healthcare
OCX,-1.2575758,Healthcare
ODC,,Basic Materials
ODFL,25.167591,Industrials
ODP,7.421283,Consumer Cyclical
OESX,-3.5833335,Industrials
OFED,,Financial Services
OFG,9.072865,Financial Services
OFIX,inf,Healthcare
OFLX,,Industrials
OGE,15.131005,Utilities
OGEN,-0.09583333,Healthcare
OGS,15.546987,Utilities
OHI,20.828766,Real Estate
OI,5.520295,Consumer Cyclical
OII,12.057895,Energy
OIS,8.866667,Energy
OKE,14.517432,Energy
OKTA,33.81091,Technology
OLED,27.71579,Technology
OLLI,20.661016,Consumer Defensive
OLN,8.876061,Basic Materials
OLP,45.82,Real Estate
OMC,10.858479,Communication Services
OMCL,18.748253,Healthcare
OMER,-1.7597766,Healthcare
OMEX,-3.9462366,Industrials
OMF,6.7851562,Financial Services
OMI,12.558375,Healthcare
ON,14.436214,Technology
ONB,8.029127,Financial Services
ONTX,-1.1573255,Healthcare
ONVO,-0.78102195,Healthcare
OOMA,11.387096,Communication Services
OPGN,-1.3896552,Healthcare
OPI,-1.1160221,Real Estate
OPK,-4.692308,Healthcare
OPOF,,Financial Services
OPRX,17.288136,Healthcare
OPTN,-9.122222,Healthcare
OPTT,-0.086547084,Industrials
OPY,15.644531,Financial Services
ORA,26.26749,Utilities
ORC,36.217392,Real Estate
ORCL,18.258427,Technology
ORGO,39.166664,Healthcare
ORI,10.156463,Financial Services
ORLY,21.595482,Consumer Cyclical
ORN,12.927273,Industrials
ORRF,6.4740734,Financial Services
OSBC,7.326203,Financial Services
OSG,20.266666,Energy
OSIS,15.142857,Technology
OSK,9.595726,Industrials
OSPN,9.747747,Technology
OSUR,-22.041668,Healthcare
OTTR,20.421053,Utilities
OUT,20.868422,Real Estate
OVBC,,Financial Services
OVLY,,Financial Services
OXM,10.545988,Consumer Cyclical
OXY,14.072341,Energy
OZK,7.0204406,Financial Services
PACB,-2.012195,Healthcare
PAG,10.523745,Consumer Cyclical
PAHC,13.577236,Healthcare
PANL,6.545454,Industrials
PANW,47.29919,Technology
PAR,352.33334,Technology
PARR,8.213333,Energy
PATK,10.861746,Consumer Cyclical
PAYC,21.361362,Technology
PAYX,23.85743,Industrials
PB,10.629503,Financial Services
PBF,9.232236,Energy
PBH,15.49892,Healthcare
PBHC,,Financial Services
PBI,32.769234,Industrials
PBPB,35.13793,Consumer Cyclical
PBYI,29.82353,Healthcare
PCAR,12.324042,Industrials
PCH,48.20482,Real Estate
PCRX,7.3735957,Healthcare
PCTY,23.227547,Technology
PCYO,105.99999,Utilities
PD,24.048193,Technology
PDCO,10.353658,Healthcare
PDEX,13.405797,Healthcare
PDFS,27.099098,Technology
PDLB,53.6,Financial Services
PDM,-28.708334,Real Estate
PEB,-31.586956,Real Estate
PEBK,,Financial Services
PEBO,8.393064,Financial Services
PED,23.2525,Energy
PEG,17.09901,Utilities
PEGA,18.510902,Technology
PEN,51.164062,Healthcare
PENN,14.900902,Consumer Cyclical
PEP,19.89932,Consumer Defensive
PESI,5.7828283,Industrials
PETQ,10.394904,Healthcare
PETS,-395.0,Healthcare
PFBC,8.308453,Financial Services
PFE,9.384616,Healthcare
PFG,9.3546095,Financial Services
PFGC,13.335952,Consumer Defensive
PFIE,10.055554,Energy
PFIS,7.2270994,Financial Services
PFMT,29.555555,Industrials
PFS,6.642534,Financial Services
PG,23.448275,Consumer Defensive
PGC,8.197802,Financial Services
PGR,17.633362,Financial Services
PGRE,-10.086956,Real Estate
PGTI,14.090605,Industrials
PH,20.648352,Industrials
PHIO,-0.19522472,Healthcare
PHM,8.308724,Consumer Cyclical
PHX,10.46875,Energy
PI,68.69828,Technology
PII,9.266595,Consumer Cyclical
PINC,8.923077,Healthcare
PINS,19.7929,Communication Services
PJT,19.522726,Financial Services
PK,19.202381,Real Estate
PKBK,,Financial Services
PKE,27.980394,Industrials
PKG,17.508097,Consumer Cyclical
PKOH,6.430731,Industrials
PLAB,11.420833,Technology
PLAY,10.171429,Communication Services
PLBC,8.1767435,Financial Services
PLCE,9.405405,Consumer Cyclical
PLD,35.189655,Real Estate
PLNT,20.996492,Consumer Cyclical
PLOW,10.937198,Consumer Cyclical
PLPC,,Industrials
PLSE,-8.188889,Healthcare
PLUG,-4.125,Industrials
PLUS,14.003643,Technology
PLXS,16.504902,Technology
PLYA,15.254238,Consumer Cyclical
PLYM,696.0,Real Estate
PM,13.779391,Consumer Defensive
PMD,,Healthcare
PMT,9.3581085,Real Estate
PMTS,5.5825243,Financial Services
PNBK,3.5940595,Financial Services
PNC,10.717482,Financial Services
PNFP,9.57553,Financial Services
PNM,13.188613,Utilities
PNR,16.546024,Industrials
PNRG,,Energy
PNW,15.000001,Utilities
PODD,45.486774,Healthcare
POL,182.22,Consumer Cyclical
POOL,25.036602,Industrials
POR,13.301538,Utilities
POST,16.534267,Consumer Defensive
POWI,32.231884,Technology
POWL,18.717278,Industrials
PPBI,11.497326,Financial Services
PPC,11.25625,Consumer Defensive
PPG,13.811563,Basic Materials
PPIH,,Industrials
PPL,15.005464,Utilities
PPSI,6.6666665,Industrials
PRA,20.875,Financial Services
PRAA,13.071428,Financial Services
PRFT,10.409692,Technology
PRGO,11.108843,Healthcare
PRGS,9.944111,Technology
PRI,10.737963,Financial Services
PRIM,14.207316,Industrials
PRK,16.778345,Financial Services
PRLB,17.318182,Industrials
PRMW,17.80189,Consumer Defensive
PRO,71.19565,Technology
PROV,9.953846,Financial Services
PRPH,9.604167,Healthcare
PRTA,-4.924939,Healthcare
PRTS,-4.92,Consumer Cyclical
PRU,7.531016,Financial Services
PSA,23.564941,Real Estate
PSMT,16.966314,Consumer Defensive
PSN,24.457945,Technology
PSTG,27.391304,Technology
PSX,9.869745,Energy
PTC,29.13629,Technology
PTCT,-7.4593973,Healthcare
PTEN,10.504854,Energy
PTGX,-31.0,Healthcare
PTN,-1.9375,Healthcare
PTSI,11.813792,Industrials
PULM,-0.42224443,Healthcare
PUMP,13.625001,Energy
PVBC,20.21591,Financial Services
PVH,8.587214,Consumer Cyclical
PW,0.12230978,Real Estate
PWOD,,Financial Services
PWR,26.989561,Industrials
PXD,11.638721,Energy
PXLW,44.75,Technology
PYPL,12.085409,Financial Services
PZG,-2.153158,Basic Materials
PZZA,19.772436,Consumer Cyclical
QCOM,15.25759,Technology
QCRH,8.682465,Financial Services
QDEL,11.201657,Healthcare
QLYS,28.857395,Technology
QNST,34.132076,Communication Services
QRHC,29.82353,Industrials
QRTEA,1.244697,Consumer Cyclical
QRVO,15.393939,Technology
QTRX,-18.11236,Healthcare
QTWO,29.033897,Technology
QUAD,3.7416663,Industrials
QUIK,26.655172,Technology
R,9.032617,Industrials
RAIL,9.184211,Industrials
RAMP,19.820988,Technology
RARE,-8.491017,Healthcare
RAVE,-13.634666,Consumer Cyclical
RBB,10.829268,Financial Services
RBBN,9.60606,Communication Services
RBC,25.905722,Industrials
RBCAA,10.700422,Financial Services
RBCN,-1.825,Technology
RC,6.8160005,Real Estate
RCKT,-11.695652,Healthcare
RCKY,8.59,Consumer Cyclical
RCL,11.170401,Consumer Cyclical
RCM,45.518517,Healthcare
RCMT,8.203464,Industrials
RCUS,-3.6261904,Healthcare
RDFN,-5.5,Real Estate
RDI,-3.4583333,Communication Services
RDN,8.39045,Financial Services
RDNT,63.815792,Healthcare
RDUS,19.795454,Basic Materials
RDVT,,Technology
REED,-1.7567567,Consumer Defensive
REFR,-25.833334,Technology
REG,27.802816,Real Estate
REGI,23.653847,
REGN,18.69171,Healthcare
REI,3.7254903,Energy
RELL,21.06,Technology
REPL,-2.0957096,Healthcare
RES,7.4333334,Energy
REVG,10.663415,Industrials
REX,14.715426,Basic Materials
REXR,31.947762,Real Estate
REZI,10.85,Industrials
RF,8.719457,Financial Services
RFIL,23.833332,Industrials
RFL,,Real Estate
RGA,8.652939,Financial Services
RGCO,16.236221,Utilities
RGEN,80.097565,Healthcare
RGLD,22.205175,Basic Materials
RGLS,-3.7704916,Healthcare
RGNX,-7.0091324,Healthcare
RGR,13.361272,Industrials
RGS,-1.9886363,Consumer Cyclical
RH,16.49199,Consumer Cyclical
RHE,,Healthcare
RHI,17.328321,Industrials
RHP,20.245682,Real Estate
RIBT,-1.5454546,Consumer Defensive
RICK,8.147673,Consumer Cyclical
RIG,11.347825,Energy
RIGL,11.666666,Healthcare
RILY,,Financial Services
RIOT,17.431034,Financial Services
RJF,11.972523,Financial Services
RKDA,-0.44468543,Consumer Defensive
RL,14.58467,Consumer Cyclical
RLGT,9.148148,Industrials
RLI,24.203768,Financial Services
RLJ,34.375,Real Estate
RM,4.0595813,Financial Services
RMAX,5.1240873,Real Estate
RMBS,21.75397,Technology
RMCF,3.7291667,Consumer Defensive
RMD,24.882557,Healthcare
RMR,11.18868,Real Estate
RMTI,24.333334,Healthcare
RNG,7.31358,Technology
RNR,6.298477,Financial Services
RNST,10.528985,Financial Services
ROCK,13.407129,Industrials
ROG,25.50107,Technology
ROIC,38.343754,Real Estate
ROK,20.342342,Industrials
ROKU,-50.13913,Communication Services
ROL,39.433628,Consumer Cyclical
ROP,25.766247,Technology
ROST,19.778625,Consumer Cyclical
RPD,18.512396,Technology
RPM,19.297834,Basic Materials
RRC,10.348703,Energy
RRGB,-26.034485,Consumer Cyclical
RRR,18.50871,Consumer Cyclical
RS,14.123016,Basic Materials
RSG,28.526787,Industrials
RUN,-11.307692,Technology
RUSHA,11.118987,Consumer Cyclical
RUSHB,,Consumer Cyclical
RVNC,-3.4056604,Healthcare
RVP,,Healthcare
RVSB,8.288889,Financial Services
RWT,8.253732,Real Estate
RYAM,24.866665,Basic Materials
RYI,8.497024,Industrials
RYN,48.622948,Real Estate
RYTM,-19.20773,Healthcare
SABR,8.96875,Technology
SACH,8.378378,Real Estate
SAFE,11.121951,Real Estate
SAFT,12.7312,Financial Services
SAGE,-2.7879999,Healthcare
SAH,8.995335,Consumer Cyclical
SAIA,20.863827,Industrials
SAIC,14.725401,Technology
SALM,-36.000004,Communication Services
SAM,22.148767,Consumer Defensive
SAMG,8.720238,Financial Services
SANM,9.435459,Technology
SANW,-2.076,Consumer Defensive
SASR,7.659176,Financial Services
SATS,-10.45098,Technology
SAVE,-2.5214286,Industrials
SBAC,30.214285,Real Estate
SBCF,13.897591,Financial Services
SBFG,8.860928,Financial Services
SBGI,-22.363636,Communication Services
SBH,5.4522614,Consumer Cyclical
SBNY,0.21160409,Financial Services
SBOW,3.4019933,Energy
SBRA,21.75,Real Estate
SBSI,9.521429,Financial Services
SBT,33.785713,Financial Services
SBUX,19.030107,Consumer Cyclical
SCHL,11.833887,Communication Services
SCHW,16.360619,Financial Services
SCI,17.794043,Consumer Cyclical
SCL,18.320087,Basic Materials
SCOR,3.498734,Communication Services
SCS,11.24299,Industrials
SCSC,10.30198,Technology
SCVL,10.928104,Consumer Cyclical
SCWX,60.9,Technology
SCX,,Industrials
SCYX,169.00002,Healthcare
SD,12.568807,Energy
SDPI,10.75,Energy
SEAC,-50.0,Technology
SEB,,Industrials
SEDG,14.064749,Technology
SEE,9.656442,Consumer Cyclical
SEIC,14.623058,Financial Services
SELF,18.217392,Real Estate
SEM,13.574163,Healthcare
SENEA,,Consumer Defensive
SENEB,,Consumer Defensive
SENS,-4.0583334,Healthcare
SF,10.285714,Financial Services
SFBC,,Financial Services
SFBS,13.554023,Financial Services
SFIX,-3.0724635,Consumer Cyclical
SFM,21.028662,Consumer Defensive
SFNC,11.243422,Financial Services
SFST,7.073972,Financial Services
SGA,13.25,Communication Services
SGC,14.926605,Consumer Cyclical
SGH,9.0,Technology
SGMA,,Technology
SGMO,-1.907037,Healthcare
SGRP,14.916667,Industrials
SGRY,19.64567,Healthcare
SHAK,110.260414,Consumer Cyclical
SHBI,6.2727275,Financial Services
SHEN,-116.545456,Communication Services
SHO,28.333332,Real Estate
SHOO,13.560403,Consumer Cyclical
SHW,23.498823,Basic Materials
SIBN,-18.763159,Healthcare
SIEB,,Financial Services
SIF,,Industrials
SIG,7.9959216,Consumer Cyclical
SIGA,7.9818177,Healthcare
SIGI,11.765046,Financial Services
SILK,-14.953847,Healthcare
SINT,-4.5400004,Healthcare
SIRI,8.909091,Communication Services
SITC,269.8,Real Estate
SITE,32.348454,Industrials
SIX,10.669683,Consumer Cyclical
SJM,11.2487755,Consumer Defensive
SJW,18.210703,Utilities
SKT,32.965115,Real Estate
SKX,13.7891445,Consumer Cyclical
SKY,22.655588,Consumer Cyclical
SKYW,9.291348,Industrials
SLAB,43.081562,Technology
SLB,11.277909,Energy
SLCA,12.344,Energy
SLDB,-3.202166,Healthcare
SLG,-23.176744,Real Estate
SLGN,11.694236,Consumer Cyclical
SLM,7.281787,Financial Services
SLNO,-59.546665,Healthcare
SLP,56.687496,Healthcare
SLS,-1.3333334,Healthcare
SM,6.651578,Energy
SMAR,26.640846,Technology
SMBC,8.698481,Financial Services
SMBK,9.426605,Financial Services
SMG,17.221106,Basic Materials
SMIT,,Technology
SMMF,6.6175,Financial Services
SMP,9.145299,Consumer Cyclical
SMPL,18.316584,Consumer Defensive
SMRT,58.0,Technology
SMSI,1.9249998,Technology
SMTC,24.428572,Technology
SNA,13.258783,Industrials
SNAP,39.605263,Communication Services
SNBR,15.298851,Consumer Cyclical
SNCR,-2.3992393,Technology
SND,8.36,Energy
SNDR,12.236686,Industrials
SNDX,-7.236301,Healthcare
SNFCA,,Financial Services
SNOA,-0.35311112,Healthcare
SNPS,34.16549,Technology
SNV,8.189932,Financial Services
SNX,8.927273,Technology
SO,17.053364,Utilities
SOHO,-2.357143,Real Estate
SOI,10.244186,Energy
SON,10.3033085,Consumer Cyclical
SONO,40.238094,Technology
SP,12.992367,Industrials
SPB,17.23579,Consumer Defensive
SPG,22.306349,Real Estate
SPGI,25.956926,Financial Services
SPLK,20.753967,Technology
SPOK,14.174312,Healthcare
SPR,16.243654,Industrials
SPRO,-1.4947368,Healthcare
SPSC,45.63517,Technology
SPTN,9.312196,Consumer Defensive
SPWH,14.545455,Consumer Cyclical
SPWR,-17.166666,Technology
SPXC,21.790697,Industrials
SQ,17.136148,Technology
SR,13.491267,Utilities
SRCE,10.643777,Financial Services
SRCL,15.975,Industrials
SRDX,-88.58621,Healthcare
SRE,13.881783,Utilities
SRG,4.284404,Real Estate
SRI,21.4,Consumer Cyclical
SRNE,,Healthcare
SRPT,12.005688,Healthcare
SRRK,-7.6010365,Healthcare
SRTS,18.8,Healthcare
SSB,10.737588,Financial Services
SSBI,,Financial Services
SSD,18.420551,Basic Materials
SSKN,-4.1,Healthcare
SSNC,10.992895,Technology
SSP,376.0,Communication Services
SSTI,-1336.0,Technology
SSTK,8.860995,Communication Services
ST,9.165072,Technology
STAA,47.875,Healthcare
STAG,39.079544,Real Estate
STBA,10.255102,Financial Services
STC,9.780757,Financial Services
STCN,,Communication Services
STE,21.808102,Healthcare
STIM,-5.265625,Healthcare
STKS,20.615385,Consumer Cyclical
STLD,12.960159,Basic Materials
STRA,20.361702,Consumer Defensive
STRL,17.91887,Industrials
STRM,-2.7181818,Healthcare
STRS,,Real Estate
STRT,15.833332,Consumer Cyclical
STT,8.265677,Financial Services
STWD,9.580808,Real Estate
STX,15.151676,Technology
STZ,16.774323,Consumer Defensive
SUI,48.190475,Real Estate
SUM,15.748988,Basic Materials
SUP,-26.714285,Consumer Cyclical
SUPN,15.435897,Healthcare
SVRA,-13.470588,Healthcare
SVT,,Industrials
SWAV,53.428806,Healthcare
SWK,15.868055,Industrials
SWKS,13.0625,Technology
SWN,6.1393437,Energy
SWX,20.387978,Utilities
SXC,14.521128,Basic Materials
SXI,20.55648,Industrials
SXT,21.59882,Basic Materials
SYBT,12.138964,Financial Services
SYBX,-17.9,Healthcare
SYF,7.429054,Financial Services
SYK,25.377073,Healthcare
SYNA,19.902655,Technology
SYPR,,Consumer Cyclical
SYRS,-1.6167666,Healthcare
SYY,15.679326,Consumer Defensive
T,7.3755455,Communication Services
TACO,22.339287,
TACT,38.214283,Technology
TAIT,,Technology
TALO,21.606558,Energy
TAP,9.623529,Consumer Defensive
TAST,14.208956,Consumer Cyclical
TAYD,,Industrials
TBBK,5.702857,Financial Services
TBI,17.965517,Industrials
TBIO,-0.6224138,Healthcare
TBNK,15.367347,Financial Services
TBPH,-21.099998,Healthcare
TCBI,13.474178,Financial Services
TCBK,10.22647,Financial Services
TCI,,Real Estate
TCMD,14.806452,Healthcare
TCON,-0.5043732,Healthcare
TCS,42.100002,Consumer Cyclical
TDC,13.74074,Technology
TDG,33.38764,Industrials
TDOC,-20.901638,Healthcare
TDS,-24.453125,Communication Services
TDW,11.353522,Energy
TDY,18.217766,Technology
TECH,30.985294,Healthcare
TEL,17.045782,Technology
TELL,-3.3084617,Energy
TENB,33.81203,Technology
TENX,-1.0743802,Healthcare
TER,24.48842,Technology
TEX,7.7524204,Industrials
TFSL,50.041668,Financial Services
TFX,13.679554,Healthcare
TG,5.747748,Industrials
TGEN,-5.275333,Industrials
TGI,18.054054,Industrials
TGLS,12.858795,Basic Materials
TGNA,6.6213593,Communication Services
TGT,15.331429,Consumer Defensive
TGTX,25.773586,Healthcare
THC,15.882603,Healthcare
THFF,6.8311443,Financial Services
THG,9.790347,Financial Services
THO,12.632783,Consumer Cyclical
THR,16.458763,Industrials
THRM,14.047222,Consumer Cyclical
THS,13.555957,Consumer Defensive
TILE,11.496241,Industrials
TIPT,,Financial Services
TISI,-12.275863,Industrials
TITN,6.47093,Industrials
TJX,20.81637,Consumer Cyclical
TKR,12.9869,Industrials
TLF,8.189655,Consumer Cyclical
TLYS,-25.291668,Consumer Cyclical
TMDX,294.15625,Healthcare
TMHC,6.847188,Consumer Cyclical
TMO,23.317753,Healthcare
TMP,9.33758,Financial Services
TMUS,14.897458,Communication Services
TNC,17.02924,Industrials
TNDM,-33.66055,Healthcare
TNET,14.652555,Industrials
TNXP,-0.25628573,Healthcare
TOL,8.6878195,Consumer Cyclical
TOWN,10.431452,Financial Services
TPB,9.040752,Consumer Defensive
TPC,11.086666,Industrials
TPH,7.2826085,Consumer Cyclical
TPHS,,Real Estate
TPIC,-79.5,Industrials
TPR,8.773625,Consumer Cyclical
TPX,15.595016,Consumer Cyclical
TR,-15.235897,Consumer Defensive
TRC,152.54546,Industrials
TREE,13.991304,Financial Services
TREX,35.0,Industrials
TRGP,15.518367,Energy
TRIP,13.931217,Consumer Cyclical
TRMB,19.825083,Technology
TRMK,10.349651,Financial Services
TRN,13.075377,Industrials
TRNO,33.140244,Real Estate
TRNS,53.15347,Industrials
TROW,12.4653015,Financial Services
TROX,11.326667,Basic Materials
TRS,11.813636,Consumer Cyclical
TRST,9.116439,Financial Services
TRT,,Technology
TRTX,8.329545,Real Estate
TRU,16.258352,Industrials
TRUP,450.0,Financial Services
TRV,10.146341,Financial Services
TRVN,-0.2962963,Healthcare
TSBK,,Financial Services
TSCO,23.996483,Consumer Cyclical
TSE,-0.8999999,Basic Materials
TSLA,54.064896,Consumer Cyclical
TSN,16.57104,Consumer Defensive
TSQ,9.0074625,Communication Services
TTC,18.478903,Industrials
TTD,46.80791,Technology
TTEC,3.851852,Technology
TTEK,28.343523,Industrials
TTGT,13.959391,Communication Services
TTI,8.9375,Energy
TTMI,8.680233,Technology
TTNP,-7.3681316,Healthcare
TTOO,-1.0135952,Healthcare
TTWO,23.961409,Communication Services
TUP,1.2771084,Consumer Cyclical
TUSK,-17.105263,Industrials
TW,32.91586,Financial Services
TWI,6.1222224,Industrials
TWIN,14.105264,Industrials
TWLO,18.481482,Communication Services
TWO,9.086331,Real Estate
TWOU,6.2,Consumer Defensive
TWST,-11.696629,Healthcare
TXMD,5.3714285,Healthcare
TXN,27.958796,Technology
TXRH,25.48019,Consumer Cyclical
TXT,12.330903,Industrials
TYL,44.20977,Technology
TZOO,7.363636,Communication Services
UA,11.050848,Consumer Cyclical
UAA,11.216666,Consumer Cyclical
UAL,4.33165,Industrials
UAMY,0.39285713,Basic Materials
UBCP,7.056497,Financial Services
UBER,30.260271,Technology
UBFO,,Financial Services
UBOH,,Financial Services
UBSI,11.9778595,Financial Services
UCBI,10.64557,Financial Services
UCTT,13.407052,Technology
UDR,86.545456,Real Estate
UE,39.833332,Real Estate
UEC,337.5,Energy
UEIC,20.527271,Technology
UFCS,13.635802,Financial Services
UFI,9.184615,Consumer Cyclical
UFPI,13.368919,Basic Materials
UFPT,30.419498,Healthcare
UG,,Consumer Defensive
UGI,8.60606,Utilities
UHAL,14.051111,Industrials
UHS,11.3619995,Healthcare
UHT,,Real Estate
UIS,9.20339,Technology
ULBI,16.956522,Industrials
ULH,8.760784,Industrials
ULTA,13.798227,Consumer Cyclical
UMBF,10.345455,Financial Services
UMH,83.789474,Real Estate
UNAM,,Financial Services
UNB,,Financial Services
UNF,19.842628,Industrials
UNFI,15.135594,Consumer Defensive
UNH,15.573085,Healthcare
UNIT,10.648148,Real Estate
UNM,5.774488,Financial Services
UNP,18.659323,Industrials
UNTY,6.394299,Financial Services
UONE,,Communication Services
UONEK,,Communication Services
UPLD,3.0,Technology
UPS,15.01833,Industrials
UPWK,12.1875,Communication Services
URBN,10.015424,Consumer Cyclical
URI,13.998114,Industrials
USAP,10.761316,Basic Materials
USB,9.448837,Financial Services
USEG,-29.750002,Energy
USFD,13.767123,Consumer Defensive
USLM,,Basic Materials
USM,30.049587,Communication Services
USNA,13.265176,Consumer Defensive
USPH,32.851135,Healthcare
UTHR,9.361965,Healthcare
UTI,18.33735,Consumer Defensive
UTL,16.432259,Utilities
UTMD,,Healthcare
UUU,,Industrials
UVE,9.663366,Financial Services
UVSP,10.383085,Financial Services
UVV,,Consumer Defensive
V,24.025938,Financial Services
VAC,10.946469,Consumer Cyclical
VAL,6.6185145,Energy
VALU,,Financial Services
VAPO,-0.41666666,Healthcare
VBFC,,Financial Services
VBIV,-1.1196078,Healthcare
VBTX,8.289362,Financial Services
VC,10.761673,Consumer Cyclical
VCEL,93.61224,Healthcare
VCTR,8.490818,Financial Services
VCYT,inf,Healthcare
VECO,16.828571,Technology
VEEV,29.157122,Healthcare
VERI,-46.714287,Technology
VERU,-4.5,Healthcare
VFC,9.368421,Consumer Cyclical
VGR,7.781955,Consumer Defensive
VHC,2.874317,Technology
VIAV,14.107143,Technology
VICI,10.535055,Real Estate
VICR,32.059406,Technology
VIRC,6.028249,Consumer Cyclical
VIRT,8.509805,Financial Services
VKTX,-51.341938,Healthcare
VLGEA,,Consumer Defensive
VLO,11.117524,Energy
VLY,6.3727274,Financial Services
VMC,25.996973,Basic Materials
VMI,12.595326,Industrials
VNCE,-5.6857142,Consumer Cyclical
VNDA,-14.424243,Healthcare
VNO,-325.37503,Real Estate
VNRX,-2.8121877,Healthcare
VOXX,-7.283951,Technology
VOYA,7.22034,Financial Services
VPG,15.566038,Technology
VRA,9.414286,Consumer Cyclical
VREX,12.6953125,Healthcare
VRNS,190.21739,Technology
VRNT,9.767742,Technology
VRRM,17.338236,Industrials
VRSK,29.775957,Industrials
VRSN,19.369143,Technology
VRTS,7.6232185,Financial Services
VRTX,21.618603,Healthcare
VSAT,-27.431034,Technology
VSEC,15.900204,Industrials
VSH,11.806122,Technology
VST,15.89937,Utilities
VSTM,-3.696296,Healthcare
VSTO,7.8501124,Consumer Cyclical
VTNR,-3.8235292,Energy
VTR,-50.31818,Real Estate
VTVT,-84.54545,Healthcare
VUZI,-2.2542374,Technology
VVI,17.865286,Industrials
VVV,21.583755,Energy
VXRT,-1.8325641,Healthcare
VYGR,-4.5202312,Healthcare
VZ,8.366527,Communication Services
W,24.463415,Consumer Cyclical
WAB,20.009937,Industrials
WABC,9.558521,Financial Services
WAFD,8.8529415,Financial Services
WAL,6.1107526,Financial Services
WASH,10.434425,Financial Services
WAT,23.519026,Healthcare
WATT,-0.46179402,Technology
WBA,5.6645365,Healthcare
WBS,6.990431,Financial Services
WCC,9.246367,Industrials
WD,18.511112,Financial Services
WDAY,31.136131,Technology
WDC,9.234681,Technology
WDFC,38.588737,Basic Materials
WEC,15.831418,Utilities
WELL,56.378696,Real Estate
WEN,17.848213,Consumer Cyclical
WERN,12.214286,Industrials
WEX,11.297325,Technology
WEYS,20.241379,Consumer Cyclical
WFC,10.8051,Financial Services
WGO,8.62465,Consumer Cyclical
WH,15.607219,Consumer Cyclical
WHD,14.817911,Energy
WHG,,Financial Services
WHLM,-6.61194,Industrials
WHLR,-0.06445498,Real Estate
WHR,6.8146553,Consumer Cyclical
WINA,,Consumer Cyclical
WING,103.43817,Consumer Cyclical
WIRE,13.727763,Industrials
WK,74.33963,Technology
WKHS,-0.5815385,Consumer Cyclical
WLDN,14.095,Industrials
WLFC,38.888,Industrials
WLK,15.777302,Basic Materials
WM,25.840994,Industrials
WMB,18.712196,Energy
WMK,,Consumer Defensive
WMS,23.25926,Industrials
WMT,22.915058,Consumer Defensive
WNC,8.024305,Industrials
WNEB,9.4375,Financial Services
WOR,16.192635,Industrials
WOW,-11.15625,Communication Services
WPC,21.936,Real Estate
WRB,11.914861,Financial Services
WRK,14.359282,Consumer Cyclical
WRLD,10.414081,Financial Services
WSBC,10.629921,Financial Services
WSBF,11.227723,Financial Services
WSC,14.381323,Industrials
WSFS,9.914153,Financial Services
WSM,17.735312,Consumer Cyclical
WSO,28.0,Industrials
WSR,-575.0,Real Estate
WST,39.54425,Healthcare
WSTL,4.9,Technology
WTBA,10.84,Financial Services
WTFC,9.428292,Financial Services
WTI,-14.999999,Energy
WTM,29.635668,Financial Services
WTS,21.880928,Industrials
WTTR,8.1769905,Basic Materials
WU,7.344262,Financial Services
WVE,-4.607476,Healthcare
WVFC,,Financial Services
WVVI,,Consumer Defensive
WWD,26.9701,Industrials
WWR,-0.9059183,Basic Materials
WWW,9.675675,Consumer Cyclical
WY,23.207693,Real Estate
WYNN,16.543322,Consumer Cyclical
WYY,194.00002,Technology
X,9.811828,Basic Materials
XBIT,59.000004,Healthcare
XEL,13.9921875,Utilities
XELA,-1.594203,Technology
XELB,6.25,Consumer Cyclical
XERS,-7.9545455,Healthcare
XHR,40.794117,Real Estate
XNCR,-7.122449,Healthcare
XOM,12.130256,Energy
XOMA,-14.905882,Healthcare
XPER,25.023811,Technology
XPL,-15.499999,Basic Materials
XPO,22.575628,Industrials
XRAY,12.452282,Healthcare
XRX,5.880531,Technology
XTNT,inf,Healthcare
XXII,-0.10353866,Consumer Defensive
XYL,28.290043,Industrials
YELP,19.161907,Communication Services
YETI,12.942029,Consumer Cyclical
YEXT,12.477272,Technology
YMAB,-54.32143,Healthcare
YORW,21.011833,Utilities
YTEN,-0.27752942,Basic Materials
YUM,21.764254,Consumer Cyclical
Z,20.368422,Communication Services
ZBH,13.857142,Healthcare
ZBRA,22.261854,Technology
ZDGE,-3.6363637,Communication Services
ZEUS,16.817461,Basic Materials
ZG,20.487804,Communication Services
ZION,8.788794,Financial Services
ZM,12.269076,Technology
ZS,52.725613,Technology
ZTS,24.765165,Healthcare
ZUMZ,33.076927,Consumer Cyclical
ZUO,18.961538,Technology
USIO,8.076666,Technology
VISL,-1.5083332,Technology
WW,5.3235292,Consumer Cyclical
XFOR,-2.3829787,Healthcare
ZYXI,12.1888895,Healthcare
