Ticker,2023_MarketCap,Market_Cap_Cat
A,40807911424,large-cap
AA,6412950016,mid-cap
AAL,9062111232,mid-cap
AAME,38368564,micro-cap
AAN,214991008,micro-cap
AAOI,384556992,small-cap
AAON,7806068224,mid-cap
AAP,4393816064,mid-cap
AAPL,2696773369856,mega-cap
AAT,1663310720,small-cap
ABBV,286615109632,mega-cap
ABCB,3315460864,mid-cap
ABEO,105349576,micro-cap
ABG,4291232000,mid-cap
ABIO,51623916,micro-cap
ABM,2782610688,mid-cap
ABMD,17180649472,large-cap
ABR,2455298048,mid-cap
ABT,184848728064,large-cap
AC,688386176,small-cap
ACA,3757226496,mid-cap
ACAD,2801842944,mid-cap
ACCO,462775488,small-cap
ACGL,34475057152,large-cap
ACHC,6853066752,mid-cap
ACHV,150879632,micro-cap
ACIW,3718960128,mid-cap
ACLS,3439095808,mid-cap
ACM,12795778048,large-cap
ACMR,1633926656,small-cap
ACN,189769269248,large-cap
ACNB,277792512,small-cap
ACOR,821028,micro-cap
ACRE,374699616,small-cap
ACRS,86173880,micro-cap
ACTG,487107136,small-cap
ACU,148906416,micro-cap
ADBE,211122520064,mega-cap
ADC,5800956416,mid-cap
ADI,100644528128,large-cap
ADM,29406732288,large-cap
ADMA,1528536320,small-cap
ADNT,2718215680,mid-cap
ADP,99945455616,large-cap
ADSK,46408323072,large-cap
ADT,5912879104,mid-cap
ADTN,350799456,small-cap
ADUS,1529968256,small-cap
ADVM,206768624,micro-cap
ADXS,28324944,micro-cap
AE,76871168,micro-cap
AEE,19673841664,large-cap
AEHR,358686848,small-cap
AEIS,3605370624,mid-cap
AEL,4462280192,mid-cap
AEMD,3602716,micro-cap
AEO,4865834496,mid-cap
AEP,45966041088,large-cap
AES,12552868864,large-cap
AFG,10624732160,large-cap
AFL,48282488832,large-cap
AGCO,8595993600,mid-cap
AGE,27758326,micro-cap
AGEN,249047952,micro-cap
AGIO,1870102528,small-cap
AGM,1991970304,small-cap
AGNC,6633963520,mid-cap
AGO,4304510976,mid-cap
AGR,14125936640,large-cap
AGRX,2934466,micro-cap
AGS,346334688,small-cap
AGX,816106496,small-cap
AGYS,2299790592,mid-cap
AHH,937569984,small-cap
AHT,51607032,micro-cap
AIG,50795053056,large-cap
AIN,2607302400,mid-cap
AINC,16771119,micro-cap
AIR,2449075200,mid-cap
AIRG,54336092,micro-cap
AIRI,23505642,micro-cap
AIRT,72512552,micro-cap
AIT,7063503360,mid-cap
AIV,1149807232,small-cap
AIZ,9099192320,mid-cap
AJG,50930614272,large-cap
AJX,130940352,micro-cap
AKAM,15509551104,large-cap
AKBA,259684112,small-cap
AKR,1911095680,small-cap
AKTS,57199600,micro-cap
AL,5710343168,mid-cap
ALB,14141783040,large-cap
ALCO,215896416,micro-cap
ALDX,234687280,micro-cap
ALE,3414939136,mid-cap
ALEC,506983008,small-cap
ALEX,1193051008,small-cap
ALG,2409582080,mid-cap
ALGN,21905897472,large-cap
ALGT,1012238144,small-cap
ALIM,193318992,micro-cap
ALK,5527292928,mid-cap
ALKS,4156850944,mid-cap
ALL,44517244928,large-cap
ALLE,10827344896,large-cap
ALLK,92971720,micro-cap
ALLO,480465760,small-cap
ALLY,11730510848,large-cap
ALNY,18579591168,large-cap
ALOT,135117792,micro-cap
ALPN,4238158336,mid-cap
ALRM,3351099392,mid-cap
ALSN,6527623680,mid-cap
ALT,462946304,small-cap
ALTM,4636424192,mid-cap
ALTR,6824236032,mid-cap
ALV,9842664448,mid-cap
ALX,1062316288,small-cap
AM,6708499456,mid-cap
AMAL,752386432,small-cap
AMAT,169841000448,large-cap
AMBC,666616512,small-cap
AMC,820181376,small-cap
AMCX,471771040,small-cap
AMD,259665215488,mega-cap
AME,40912961536,large-cap
AMED,3000229632,mid-cap
AMG,5114170880,mid-cap
AMGN,147071614976,large-cap
AMH,15024633856,large-cap
AMKR,8214192128,mid-cap
AMN,2264785152,mid-cap
AMNB,507722208,small-cap
AMP,41371369472,large-cap
AMPE,249779,micro-cap
AMPH,2046748160,mid-cap
AMRC,1094224512,small-cap
AMRK,932349312,small-cap
AMRX,1818925696,small-cap
AMS,20128766,micro-cap
AMSC,448451488,small-cap
AMSF,862510144,small-cap
AMSWA,342499232,small-cap
AMT,81169661952,large-cap
AMTD,1751433344,small-cap
AMTX,166225056,micro-cap
AMWD,1473216768,small-cap
AMZN,1881500942336,mega-cap
AN,6532837376,mid-cap
ANAB,601009216,small-cap
ANDE,1911896320,small-cap
ANET,82767691776,large-cap
ANF,6342195712,mid-cap
ANGI,1094940672,small-cap
ANGO,227709824,micro-cap
ANIK,384651296,small-cap
ANIP,1379664512,small-cap
ANIX,94745592,micro-cap
ANSS,28844793856,large-cap
AON,61641691136,large-cap
AOS,12333479936,large-cap
AOSL,626225152,small-cap
AP,42711256,micro-cap
APA,11891554304,large-cap
APAM,2889239808,mid-cap
APD,51303735296,large-cap
APDN,3244880,micro-cap
APEI,240721552,micro-cap
APH,73625042944,large-cap
APLE,3624284416,mid-cap
APLS,4712271872,mid-cap
APOG,1371733376,small-cap
APPF,8588708352,mid-cap
APPN,2772605952,mid-cap
APPS,195880320,micro-cap
APT,68886624,micro-cap
APTV,19341121536,large-cap
APVO,2630852,micro-cap
APYX,47635364,micro-cap
AQB,7482276,micro-cap
AQMS,55480348,micro-cap
AR,10522371072,large-cap
ARAY,213708768,micro-cap
ARC,113757296,micro-cap
ARCB,2628430080,mid-cap
ARCH,2908636160,mid-cap
ARDX,1549618944,small-cap
ARE,20669739008,large-cap
ARES,41336938496,large-cap
ARI,1407403776,small-cap
ARKR,49737408,micro-cap
ARL,227985472,micro-cap
ARLO,1195551616,small-cap
ARMK,8352598528,mid-cap
AROC,3077330432,mid-cap
AROW,372676480,small-cap
ARR,897033088,small-cap
ARTNA,356764352,small-cap
ARTW,9730963,micro-cap
ARVN,2163668480,mid-cap
ARW,6926546944,mid-cap
ARWR,2839099904,mid-cap
ASB,3218277888,mid-cap
ASGN,4543515136,mid-cap
ASH,4829157888,mid-cap
ASIX,692360704,small-cap
ASMB,68753688,micro-cap
ASPN,1251989760,small-cap
ASPS,53110608,micro-cap
ASRT,80254600,micro-cap
ASRV,40982048,micro-cap
ASTC,15685186,micro-cap
ASTE,959544000,small-cap
ASUR,189745232,micro-cap
ASYS,68684440,micro-cap
ATEC,1761555712,small-cap
ATEN,990041216,small-cap
ATGE,1943337856,small-cap
ATI,7442756608,mid-cap
ATKR,6610205184,mid-cap
ATLC,402211104,small-cap
ATLO,175257392,micro-cap
ATNI,307147008,small-cap
ATNM,229927840,micro-cap
ATO,17746325504,large-cap
ATOS,191715120,micro-cap
ATR,9613191168,mid-cap
ATRA,85652016,micro-cap
ATRC,1154217984,small-cap
ATRI,752331584,small-cap
ATRO,576897856,small-cap
ATSG,835499200,small-cap
ATUS,923393984,small-cap
AUBN,63445592,micro-cap
AUMN,7161319,micro-cap
AVA,2784203520,mid-cap
AVAV,4545603584,mid-cap
AVB,27037710336,large-cap
AVD,330279808,small-cap
AVGO,620752404480,mega-cap
AVGR,5980841,micro-cap
AVNS,836756288,small-cap
AVNW,427737472,small-cap
AVRO,54077752,micro-cap
AVT,4491974656,mid-cap
AVTR,16506163200,large-cap
AVXL,296836672,small-cap
AVY,17563914240,large-cap
AWI,5151198720,mid-cap
AWK,23805300736,large-cap
AWR,2627987968,mid-cap
AWRE,38480128,micro-cap
AX,2933691904,mid-cap
AXDX,19220656,micro-cap
AXGN,284298432,small-cap
AXL,866269760,small-cap
AXNX,3409072640,mid-cap
AXP,170863230976,large-cap
AXR,109326968,micro-cap
AXS,5212085760,mid-cap
AXSM,3512604416,mid-cap
AXTA,6992208384,mid-cap
AXTI,133408328,micro-cap
AYI,7797566464,mid-cap
AYX,3527897856,mid-cap
AZO,51105329152,large-cap
AZPN,12570588160,large-cap
AZZ,1843350656,small-cap
B,1778288128,small-cap
BA,106351296512,large-cap
BAC,294968262656,mega-cap
BAH,19130400768,large-cap
BANC,2364505856,mid-cap
BAND,489123808,small-cap
BANF,2927442944,mid-cap
BANR,1519923840,small-cap
BATRA,2390976256,mid-cap
BATRK,2384618496,mid-cap
BAX,20590352384,large-cap
BBCP,370103392,small-cap
BBGI,20729940,micro-cap
BBSI,801767104,small-cap
BBW,428213504,small-cap
BBY,15899424768,large-cap
BC,5564546560,mid-cap
BCBP,160413216,micro-cap
BCC,5306059264,mid-cap
BCLI,38182624,micro-cap
BCO,4014265344,mid-cap
BCOV,72382592,micro-cap
BCPC,4492276224,mid-cap
BCRX,861432000,small-cap
BDC,3396680704,mid-cap
BDL,50183552,micro-cap
BDN,799135232,small-cap
BDSI,577050112,small-cap
BDX,67325722624,large-cap
BE,2528769536,mid-cap
BEAT,52621140,micro-cap
BECN,6316980224,mid-cap
BELFA,777015424,small-cap
BELFB,776680896,small-cap
BEN,12137161728,large-cap
BERY,6594507264,mid-cap
BFAM,6103487488,mid-cap
BFIN,121990256,micro-cap
BFS,1210809728,small-cap
BFST,523468096,small-cap
BG,14327999488,large-cap
BGFV,78760536,micro-cap
BGS,877076480,small-cap
BGSF,95408416,micro-cap
BH,617780096,small-cap
BHB,385472096,small-cap
BHE,1131917824,small-cap
BHF,3032441856,mid-cap
BHLB,941237184,small-cap
BHR,234694928,micro-cap
BHVN,3450462208,mid-cap
BIG,102851408,micro-cap
BIIB,31642595328,large-cap
BIO,7796011520,mid-cap
BIOL,4988535,micro-cap
BJ,10033236992,large-cap
BJRI,772980416,small-cap
BK,42733944832,large-cap
BKD,1323479680,small-cap
BKE,1896177536,small-cap
BKH,3727923968,mid-cap
BKNG,119218331648,large-cap
BKSC,67137688,micro-cap
BKTI,49896376,micro-cap
BKU,2035253888,mid-cap
BL,3672304384,mid-cap
BLBD,1079136000,small-cap
BLCM,778326,micro-cap
BLD,13039654912,large-cap
BLDR,22713440256,large-cap
BLFS,797506496,small-cap
BLK,112765280256,large-cap
BLKB,4035994368,mid-cap
BLMN,2294310400,mid-cap
BLUE,170653760,micro-cap
BMI,5521312256,mid-cap
BMRC,231258352,micro-cap
BMRN,15367937024,large-cap
BMY,89841074176,large-cap
BNED,10843905,micro-cap
BOH,2285287168,mid-cap
BOKF,5823512064,mid-cap
BOOM,323913056,small-cap
BOOT,3274401792,mid-cap
BOTJ,46296632,micro-cap
BOX,3833293824,mid-cap
BPMC,5780227072,mid-cap
BPOP,6222283776,mid-cap
BPRN,186819200,micro-cap
BPTH,4289106,micro-cap
BR,22867200000,large-cap
BRC,2875246848,mid-cap
BRID,94580568,micro-cap
BRKL,744955776,small-cap
BRKR,11603546112,large-cap
BRN,28358202,micro-cap
BRO,23239235584,large-cap
BRT,340200544,small-cap
BRX,6810864128,mid-cap
BRY,660136640,small-cap
BSET,123249352,micro-cap
BSGM,14501669,micro-cap
BSRR,300721408,small-cap
BSX,106200276992,large-cap
BTU,2904167168,mid-cap
BURL,11731288064,large-cap
BUSE,1272438272,small-cap
BV,1064832000,small-cap
BW,91270008,micro-cap
BWA,7665429504,mid-cap
BWEN,47682140,micro-cap
BWFG,179515696,micro-cap
BWXT,8826288128,mid-cap
BXC,957382080,small-cap
BXMT,3076776448,mid-cap
BXP,9909006336,mid-cap
BY,957445696,small-cap
BYD,5076604416,mid-cap
BYFC,45836780,micro-cap
BYND,439583552,small-cap
BZH,885938496,small-cap
C,118254223360,large-cap
CABO,2190156544,mid-cap
CAC,443926112,small-cap
CACC,6306868736,mid-cap
CACI,8972517376,mid-cap
CADE,5129682432,mid-cap
CAG,14786489344,large-cap
CAH,24916789248,large-cap
CAKE,1767722880,small-cap
CAL,1301134464,small-cap
CALA,97450,micro-cap
CALM,2717212160,mid-cap
CALX,1834044672,small-cap
CAMP,5428127,micro-cap
CAPR,164445648,micro-cap
CAR,3497881600,mid-cap
CARA,40426320,micro-cap
CARG,2377117440,mid-cap
CARS,1104600320,small-cap
CASA,3468815,micro-cap
CASH,1315070336,small-cap
CASI,31359274,micro-cap
CASS,586980992,small-cap
CASY,11807005696,large-cap
CAT,170282549248,large-cap
CATC,493645152,small-cap
CATO,99116552,micro-cap
CATY,2519373056,mid-cap
CB,101080760320,large-cap
CBAN,193632720,micro-cap
CBAY,3728216832,mid-cap
CBFV,114488664,micro-cap
CBOE,18937114624,large-cap
CBRE,26965469184,large-cap
CBRL,1291216000,small-cap
CBSH,7142952448,mid-cap
CBT,5115709440,mid-cap
CBU,2296332800,mid-cap
CBZ,3598549760,mid-cap
CC,4089760768,mid-cap
CCBG,457381696,small-cap
CCI,41194500096,large-cap
CCK,10149111808,large-cap
CCL,19735148544,large-cap
CCNE,395789984,small-cap
CCO,682045184,small-cap
CCOI,3210892288,mid-cap
CCRN,602346496,small-cap
CCS,2521964288,mid-cap
CDE,1859389696,small-cap
CDLX,612773312,small-cap
CDMO,468480928,small-cap
CDNA,426654816,small-cap
CDNS,76268281856,large-cap
CDTX,55470880,micro-cap
CDW,33191583744,large-cap
CDXC,268853504,small-cap
CDXS,210207760,micro-cap
CDZI,151388096,micro-cap
CE,17417216000,large-cap
CEI,25185754,micro-cap
CEIX,2507642112,mid-cap
CELC,487249600,small-cap
CELH,16860282880,large-cap
CENT,2569706240,mid-cap
CENTA,2562617856,mid-cap
CENX,1623649152,small-cap
CERS,309993952,small-cap
CETX,1485056,micro-cap
CEVA,480119360,small-cap
CF,14905444352,large-cap
CFBK,117393320,micro-cap
CFFI,132869456,micro-cap
CFFN,642587072,small-cap
CFG,15776468992,large-cap
CFR,6747344384,mid-cap
CGNX,7178680832,mid-cap
CHCI,72712680,micro-cap
CHCO,1521786880,small-cap
CHCT,739072832,small-cap
CHD,26027102208,large-cap
CHDN,9486379008,mid-cap
CHE,8574599680,mid-cap
CHEF,1337983872,small-cap
CHGG,581103616,small-cap
CHH,5896915456,mid-cap
CHK,12008288256,large-cap
CHMG,202909552,micro-cap
CHMI,106479552,micro-cap
CHRS,235508352,micro-cap
CHRW,8134554112,mid-cap
CHTR,37202948096,large-cap
CHUY,522653248,small-cap
CI,101124415488,large-cap
CIA,113357208,micro-cap
CIEN,6805017600,mid-cap
CIM,1010765312,small-cap
CINF,18025502720,large-cap
CIO,186716576,micro-cap
CIVB,227464400,micro-cap
CIX,413989952,small-cap
CIZN,44204472,micro-cap
CKX,29262454,micro-cap
CL,74857037824,large-cap
CLAR,242035776,micro-cap
CLB,755496640,small-cap
CLDT,467051008,small-cap
CLDX,2418256128,mid-cap
CLF,8301477888,mid-cap
CLFD,436936032,small-cap
CLH,10539027456,large-cap
CLIR,38576524,micro-cap
CLNE,532482272,small-cap
CLPR,177574720,micro-cap
CLRB,99684944,micro-cap
CLRO,21914948,micro-cap
CLW,757483840,small-cap
CLX,18346590208,large-cap
CMA,6765914624,mid-cap
CMC,6230875648,mid-cap
CMCO,1203438592,small-cap
CMCSA,149078327296,large-cap
CMCT,78272312,micro-cap
CME,74914627584,large-cap
CMG,87538556928,large-cap
CMI,39319584768,large-cap
CMP,536902336,small-cap
CMRX,84303824,micro-cap
CMS,17933031424,large-cap
CMT,171826672,micro-cap
CMTL,56662864,micro-cap
CNA,11862668288,large-cap
CNC,39031599104,large-cap
CNDT,679132992,small-cap
CNFR,11977220,micro-cap
CNK,2109262208,mid-cap
CNMD,2071038976,mid-cap
CNNE,1237243904,small-cap
CNO,2826942976,mid-cap
CNOB,694212480,small-cap
CNP,18302834688,large-cap
CNS,3457347072,mid-cap
CNSL,512209728,small-cap
CNTY,91079696,micro-cap
CNX,3657958144,mid-cap
CNXN,1652162944,small-cap
CODA,74745360,micro-cap
COF,55125569536,large-cap
COHN,12717144,micro-cap
COHR,8583506944,mid-cap
COHU,1453070848,small-cap
COKE,7697205760,mid-cap
COLB,3942437120,mid-cap
COLD,6296445440,mid-cap
COLL,1242816640,small-cap
COLM,4779290624,mid-cap
COMM,203035424,micro-cap
CONN,91082760,micro-cap
COO,17629657088,large-cap
COOP,5061829120,mid-cap
COP,149918367744,large-cap
COR,47585677312,large-cap
CORR,1627350,micro-cap
CORT,2462494464,mid-cap
COST,319721996288,mega-cap
COTY,10307871744,large-cap
CPB,13475746816,large-cap
CPE,2378336768,mid-cap
CPF,544361472,small-cap
CPHC,117436840,micro-cap
CPIX,23816520,micro-cap
CPK,2343643904,mid-cap
CPRI,4108986624,mid-cap
CPRT,53168848896,large-cap
CPRX,1768984832,small-cap
CPS,264346624,small-cap
CPSH,26207156,micro-cap
CPSI,133326672,micro-cap
CPSS,179604144,micro-cap
CPT,10695050240,large-cap
CR,8254372352,mid-cap
CRAI,1033737664,small-cap
CRBP,367016512,small-cap
CRC,3682188800,mid-cap
CRI,2521688064,mid-cap
CRIS,85817808,micro-cap
CRK,2984843264,mid-cap
CRL,11827909632,large-cap
CRM,264994308096,mega-cap
CRMD,291399840,small-cap
CRMT,366523008,small-cap
CRNX,3426168832,mid-cap
CROX,7675830784,mid-cap
CRS,4235136768,mid-cap
CRUS,4828800512,mid-cap
CRVL,4089982208,mid-cap
CRVS,77235800,micro-cap
CRWS,52227568,micro-cap
CSCO,191303974912,large-cap
CSGP,37726720000,large-cap
CSGS,1432855680,small-cap
CSL,18841268224,large-cap
CSPI,135481680,micro-cap
CSTR,418353376,small-cap
CSV,393740704,small-cap
CSWI,3735876864,mid-cap
CSX,65519480832,large-cap
CTAS,67691552768,large-cap
CTBI,754815872,small-cap
CTHR,10208058,micro-cap
CTLT,10167119872,large-cap
CTMX,111622008,micro-cap
CTO,395546720,small-cap
CTRE,3334327040,mid-cap
CTRN,187061872,micro-cap
CTS,1439062144,small-cap
CTSH,32979210240,large-cap
CTSO,43624332,micro-cap
CUBE,9186195456,mid-cap
CUBI,1486377856,small-cap
CUE,71019216,micro-cap
CULP,57486240,micro-cap
CURO,2891035,micro-cap
CUTR,44911352,micro-cap
CUZ,3554506752,mid-cap
CVBF,2295008256,mid-cap
CVCO,3125558784,mid-cap
CVCY,235332512,micro-cap
CVGI,202430192,micro-cap
CVGW,467435872,small-cap
CVI,3149636096,mid-cap
CVLT,4647341056,mid-cap
CVLY,216437312,micro-cap
CVM,77190256,micro-cap
CVNA,14668872704,large-cap
CVR,15981949,micro-cap
CVS,85340553216,large-cap
CVU,35095084,micro-cap
CVV,30983276,micro-cap
CVX,302910537728,mega-cap
CW,9904184320,mid-cap
CWBC,330605920,small-cap
CWBR,2499959,micro-cap
CWEN,4554389504,mid-cap
CWH,922619712,small-cap
CWST,5293657088,mid-cap
CWT,2826774528,mid-cap
CXW,1665564416,small-cap
CYAN,3185052,micro-cap
CYCC,2782583,micro-cap
CYH,450944640,small-cap
CYRX,813672448,small-cap
CYTK,6404234240,mid-cap
CZNC,265887360,small-cap
CZR,7991203328,mid-cap
CZWI,109274600,micro-cap
D,42595790848,large-cap
DAIO,26079426,micro-cap
DAKT,420899456,small-cap
DAL,32620572672,large-cap
DAN,1785059200,small-cap
DAR,6934452224,mid-cap
DARE,35002536,micro-cap
DBD,1213028736,small-cap
DBI,534340064,small-cap
DBX,8099244544,mid-cap
DCI,8767677440,mid-cap
DCO,791358272,small-cap
DCOM,724913856,small-cap
DCPH,2078262144,mid-cap
DD,30707533824,large-cap
DDD,463644544,small-cap
DDS,7088009216,mid-cap
DE,109879042048,large-cap
DEA,1188499584,small-cap
DECK,21280991232,large-cap
DEI,2741866752,mid-cap
DELL,89566371840,large-cap
DENN,424991520,small-cap
DFIN,1865961344,small-cap
DFS,31896924160,large-cap
DG,30779203584,large-cap
DGICA,443846304,small-cap
DGII,1118516096,small-cap
DGLY,5965598,micro-cap
DGX,15376798720,large-cap
DHI,47467032576,large-cap
DHIL,423693792,small-cap
DHR,181638660096,large-cap
DHX,113347728,micro-cap
DIN,694612352,small-cap
DIOD,3410289664,mid-cap
DIS,204120899584,mega-cap
DIT,98853376,micro-cap
DJCO,468203968,small-cap
DK,1798942336,small-cap
DKS,16753083392,large-cap
DLA,16993976,micro-cap
DLB,7513449472,mid-cap
DLHC,152126176,micro-cap
DLR,45019111424,large-cap
DLTH,148658544,micro-cap
DLTR,25687117824,large-cap
DLX,874863488,small-cap
DMRC,466579136,small-cap
DNLI,2199392256,mid-cap
DNOW,1563717760,small-cap
DOC,13382414336,large-cap
DOCU,11549778944,large-cap
DOMO,285994624,small-cap
DOOR,2914089472,mid-cap
DORM,2729512192,mid-cap
DOV,24973778944,large-cap
DOW,40437862400,large-cap
DPZ,18851354624,large-cap
DRH,1910598400,small-cap
DRI,18468179968,large-cap
DRQ,650362112,small-cap
DRRX,29751110,micro-cap
DSKE,391290496,small-cap
DSS,12156257,micro-cap
DTE,22749618176,large-cap
DUK,75714936832,large-cap
DVA,12174875648,large-cap
DVAX,1482677760,small-cap
DVN,32918401024,large-cap
DWSN,50224048,micro-cap
DX,756777792,small-cap
DXC,3646447872,mid-cap
DXCM,50597335040,large-cap
DXLG,192523808,micro-cap
DXPE,800601216,small-cap
DXYN,8231111,micro-cap
DY,4160113152,mid-cap
DZSI,40170752,micro-cap
EA,33969489920,large-cap
EAF,432040544,small-cap
EARN,132494024,micro-cap
EAT,2367918848,mid-cap
EB,532257024,small-cap
EBAY,26355345408,large-cap
EBF,516174368,small-cap
EBMT,102213944,micro-cap
EBS,96996328,micro-cap
EBTC,309167456,small-cap
ECL,65443827712,large-cap
ECPG,983124800,small-cap
ED,32314542080,large-cap
EDIT,435597216,small-cap
EDUC,18513556,micro-cap
EE,1820219776,small-cap
EEFT,4747115008,mid-cap
EEX,346180992,small-cap
EFC,977725632,small-cap
EFOI,7136622,micro-cap
EFSC,1425434496,small-cap
EFX,27985528832,large-cap
EGAN,194704224,micro-cap
EGBN,569458880,small-cap
EGHT,283251200,small-cap
EGLE,693163520,small-cap
EGP,7545054208,mid-cap
EGRX,52156756,micro-cap
EGY,677166592,small-cap
EHC,8324637696,mid-cap
EHTH,126750632,micro-cap
EIG,1081787392,small-cap
EIGR,2552120,micro-cap
EIX,27304587264,large-cap
EKSO,23811124,micro-cap
EL,52896272384,large-cap
ELAN,6625840640,mid-cap
ELF,9351801856,mid-cap
ELMD,136135600,micro-cap
ELOX,3174823,micro-cap
ELS,11784779776,large-cap
ELSE,14226283,micro-cap
EME,17157509120,large-cap
EMKR,21263082,micro-cap
EML,194314144,micro-cap
EMN,11293031424,large-cap
EMR,62592856064,large-cap
ENG,8920883,micro-cap
ENPH,15092789248,large-cap
ENR,2054409600,mid-cap
ENS,3708572160,mid-cap
ENSG,6716165632,mid-cap
ENSV,5800617,micro-cap
ENTA,290154528,small-cap
ENTG,20751550464,large-cap
ENV,3417611008,mid-cap
ENVA,1697602048,small-cap
ENZ,53530856,micro-cap
EOG,77251510272,large-cap
EOLS,727338816,small-cap
EPAM,13780594688,large-cap
EPC,1869495168,small-cap
EPM,190864832,micro-cap
EPR,3093304064,mid-cap
EPRT,4608795136,mid-cap
EQBK,509496096,small-cap
EQC,2010431232,mid-cap
EQH,12200420352,large-cap
EQIX,67533352960,large-cap
EQR,24596996096,large-cap
EQT,18056695808,large-cap
ERIE,19843567616,large-cap
ERII,848475136,small-cap
ES,21069924352,large-cap
ESCA,183111744,micro-cap
ESE,2670579968,mid-cap
ESGR,4456615424,mid-cap
ESNT,5719665152,mid-cap
ESP,60716228,micro-cap
ESPR,375960960,small-cap
ESRT,2503447808,mid-cap
ESS,16466778112,large-cap
ESSA,164738192,micro-cap
ESTC,10498649088,large-cap
ETN,128605265920,large-cap
ETR,22781820928,large-cap
ETRN,5997531648,mid-cap
ETSY,8089560576,mid-cap
EVBG,1436889856,small-cap
EVBN,142121616,micro-cap
EVC,221286352,micro-cap
EVER,683224768,small-cap
EVFM,722628,micro-cap
EVH,3259381760,mid-cap
EVI,272117216,small-cap
EVOK,3916743,micro-cap
EVOL,11309139,micro-cap
EVR,7087228928,mid-cap
EVRG,12004228096,large-cap
EVRI,692009152,small-cap
EVTC,2450118400,mid-cap
EW,51709104128,large-cap
EWBC,10598161408,large-cap
EXAS,10922528768,large-cap
EXC,37250121728,large-cap
EXEL,6933696000,mid-cap
EXLS,4885654528,mid-cap
EXP,8846121984,mid-cap
EXPD,15912888320,large-cap
EXPE,17953130496,large-cap
EXPI,1527137792,small-cap
EXPO,4728334848,mid-cap
EXPR,3109395,micro-cap
EXR,29818456064,large-cap
EXTR,1472671104,small-cap
EYE,1392100864,small-cap
EYPT,910950912,small-cap
EZPW,610554752,small-cap
F,49054461952,large-cap
FAF,5583203328,mid-cap
FANG,36233256960,large-cap
FARM,65646756,micro-cap
FARO,356243456,small-cap
FAST,39173664768,large-cap
FATE,458545504,small-cap
FBIO,32890996,micro-cap
FBIZ,275185184,small-cap
FBK,1728169088,small-cap
FBMS,746211008,small-cap
FBNC,1264527360,small-cap
FBP,2904036096,mid-cap
FC,523078400,small-cap
FCAP,95583584,micro-cap
FCBC,613340416,small-cap
FCCO,127404304,micro-cap
FCEL,407225984,small-cap
FCF,1362771072,small-cap
FCFS,5174165504,mid-cap
FCN,7721837056,mid-cap
FCNCA,24526919680,large-cap
FCPT,2180951808,mid-cap
FCX,73303195648,large-cap
FDBC,266257456,small-cap
FDP,1229033088,small-cap
FDS,15991103488,large-cap
FDX,64825114624,large-cap
FE,22048020480,large-cap
FEIM,92027200,micro-cap
FELE,4563097088,mid-cap
FET,235847056,micro-cap
FF,238942688,micro-cap
FFBC,2122378112,mid-cap
FFIC,321208032,small-cap
FFIN,4263087360,mid-cap
FFIV,9704199168,mid-cap
FFNW,187066416,micro-cap
FFWM,324943424,small-cap
FGBI,131299352,micro-cap
FGEN,105452808,micro-cap
FHB,2739654144,mid-cap
FHN,8320094720,mid-cap
FI,90083688448,large-cap
FIBK,2823443968,mid-cap
FICO,28411109376,large-cap
FIS,38632095744,large-cap
FISI,267231360,small-cap
FITB,25136381952,large-cap
FIVE,8086418432,mid-cap
FIVN,4323618816,mid-cap
FIX,11141304320,large-cap
FIXX,3018744,micro-cap
FIZZ,4092899584,mid-cap
FL,1971629824,small-cap
FLIC,211741824,micro-cap
FLL,180906752,micro-cap
FLNT,41748448,micro-cap
FLO,5240221696,mid-cap
FLR,6872525312,mid-cap
FLS,6405247488,mid-cap
FLT,21790322688,large-cap
FLWS,591439360,small-cap
FLXS,182729808,micro-cap
FMAO,288391392,small-cap
FMBH,742485632,small-cap
FMC,7470297088,mid-cap
FMNB,447547136,small-cap
FN,6383379968,mid-cap
FNB,4851441152,mid-cap
FNCB,107662056,micro-cap
FND,11756806144,large-cap
FNF,13683760128,large-cap
FNKO,320764480,small-cap
FNLC,248219056,micro-cap
FNWB,103304232,micro-cap
FOLD,2995820288,mid-cap
FONR,102315240,micro-cap
FOR,1568430720,small-cap
FORD,5533660,micro-cap
FORM,3523302144,mid-cap
FORR,367299040,small-cap
FOSL,40114156,micro-cap
FOX,14233728000,large-cap
FOXA,14248153088,large-cap
FOXF,1640277888,small-cap
FPI,531099616,small-cap
FR,6272031744,mid-cap
FRBA,292122112,small-cap
FRBK,352055,micro-cap
FRD,135410176,micro-cap
FRME,1995492736,small-cap
FRPH,584078464,small-cap
FRPT,5162961920,mid-cap
FRT,8673075200,mid-cap
FSBW,249225936,micro-cap
FSFG,109548240,micro-cap
FSLR,19188703232,large-cap
FSLY,1748761600,small-cap
FSP,200654208,micro-cap
FSS,5058732032,mid-cap
FSTR,262335744,small-cap
FTDR,2402503680,mid-cap
FTEK,38895456,micro-cap
FTI,11231182848,large-cap
FTK,103813848,micro-cap
FTNT,48982691840,large-cap
FTV,27004848128,large-cap
FUL,4088914688,mid-cap
FULT,2740774400,mid-cap
FUNC,151256560,micro-cap
FUSB,58539956,micro-cap
FWONA,16355650560,large-cap
FWONK,16332120064,large-cap
FWRD,577379904,small-cap
G,5615569408,mid-cap
GABC,936947456,small-cap
GAIA,92902000,micro-cap
GALT,218210544,micro-cap
GATX,4399145472,mid-cap
GBCI,4172715008,mid-cap
GBLI,426105856,small-cap
GBX,1527904640,small-cap
GCBC,508590528,small-cap
GCI,357803904,small-cap
GCO,294828736,small-cap
GD,78691713024,large-cap
GDDY,17687916544,large-cap
GDEN,931279616,small-cap
GDOT,469652704,small-cap
GE,180430061568,large-cap
GEF,2935062528,mid-cap
GEN,13139452928,large-cap
GENC,249327488,micro-cap
GEO,1898409088,small-cap
GEOS,164604688,micro-cap
GERN,2334885376,mid-cap
GES,1437617408,small-cap
GEVO,161435168,micro-cap
GFF,3295094784,mid-cap
GGG,13776126976,large-cap
GH,2213431552,mid-cap
GHC,3151106048,mid-cap
GHM,305730560,small-cap
GIFI,116456432,micro-cap
GIII,1285763712,small-cap
GILD,81059282944,large-cap
GIS,39586177024,large-cap
GKOS,4847697408,mid-cap
GLBZ,14422912,micro-cap
GLDD,455473856,small-cap
GLPI,11766852608,large-cap
GLRE,426037760,small-cap
GLT,65842388,micro-cap
GLW,28987879424,large-cap
GLYC,106343160,micro-cap
GM,51394539520,large-cap
GME,3364602880,mid-cap
GMED,6791916544,mid-cap
GMRE,577088896,small-cap
GMS,3703130368,mid-cap
GNE,428008800,small-cap
GNK,917881088,small-cap
GNL,1633449984,small-cap
GNRC,8233690624,mid-cap
GNTX,7993296896,mid-cap
GNTY,341551360,small-cap
GNW,2645543168,mid-cap
GOGO,1163883648,small-cap
GOLF,3890239488,mid-cap
GOOD,549729088,small-cap
GOOG,2066422431744,mega-cap
GOOGL,2065973772288,mega-cap
GORO,44396548,micro-cap
GOSS,152675200,micro-cap
GPC,22065659904,large-cap
GPI,4002202880,mid-cap
GPK,8024956416,mid-cap
GPMT,223022064,micro-cap
GPN,31589724160,large-cap
GPOR,2890893568,mid-cap
GPRE,1355463808,small-cap
GPRO,269554016,small-cap
GPS,7899799552,mid-cap
GRBK,2489369600,mid-cap
GRC,866797760,small-cap
GRMN,28028168192,large-cap
GROW,43640676,micro-cap
GRPN,453029728,small-cap
GRTS,83193376,micro-cap
GS,139163680768,large-cap
GSAT,2439676416,mid-cap
GSBC,606145920,small-cap
GSHD,2149780736,mid-cap
GSIT,101688432,micro-cap
GT,3412593408,mid-cap
GTES,4670522880,mid-cap
GTHX,195747744,micro-cap
GTIM,30661696,micro-cap
GTLS,6140637184,mid-cap
GTN,593704256,small-cap
GTX,2141473152,mid-cap
GTY,1464127360,small-cap
GV,8694530,micro-cap
GVA,2438685952,mid-cap
GVP,7758267,micro-cap
GWRE,9344156672,mid-cap
GWRS,304495456,small-cap
GWW,45853065216,large-cap
H,15224471552,large-cap
HA,649148224,small-cap
HAE,4643627008,mid-cap
HAFC,467164864,small-cap
HAIN,544384320,small-cap
HAL,33800792064,large-cap
HALL,1182012,micro-cap
HALO,4922072064,mid-cap
HAS,8747139072,mid-cap
HASI,2892265472,mid-cap
HAYN,772284928,small-cap
HBAN,19644583936,large-cap
HBB,300294368,small-cap
HBCP,288983488,small-cap
HBI,1613646592,small-cap
HBIO,161483824,micro-cap
HBNC,508655168,small-cap
HCA,81699094528,large-cap
HCC,3588117760,mid-cap
HCI,1179171200,small-cap
HCKT,605087936,small-cap
HCSG,802745728,small-cap
HD,331053891584,mega-cap
HDSN,459204992,small-cap
HE,1096411776,small-cap
HEAR,292865312,small-cap
HEES,1766023552,small-cap
HEI,25257551872,large-cap
HELE,2198853376,mid-cap
HES,49558372352,large-cap
HFBL,35367636,micro-cap
HFWA,607765312,small-cap
HGV,4416049152,mid-cap
HHS,51952672,micro-cap
HI,3431825920,mid-cap
HIBB,1028722752,small-cap
HIFS,380671648,small-cap
HIG,28595073024,large-cap
HII,11006807040,large-cap
HIW,2859024384,mid-cap
HL,2960606720,mid-cap
HLF,869142208,small-cap
HLI,8862149632,mid-cap
HLIT,1246106752,small-cap
HLNE,6312531968,mid-cap
HLT,50166730752,large-cap
HLX,1644967808,small-cap
HMN,1499134848,small-cap
HMNF,88804944,micro-cap
HMST,230062720,micro-cap
HNI,1979442176,small-cap
HNRG,183390640,micro-cap
HOFT,182473120,micro-cap
HOG,4678778880,mid-cap
HOLX,17766864896,large-cap
HOMB,4812100096,mid-cap
HON,126597070848,large-cap
HONE,469068960,small-cap
HOPE,1206099968,small-cap
HOV,926366592,small-cap
HP,3918474752,mid-cap
HPE,22480560128,large-cap
HPP,847894976,small-cap
HPQ,27744829440,large-cap
HQY,6846593024,mid-cap
HR,5477523968,mid-cap
HRB,6609108992,mid-cap
HRI,4182098944,mid-cap
HRL,19401846784,large-cap
HROW,371860640,small-cap
HRTG,310960448,small-cap
HRTX,360789600,small-cap
HSIC,9051486208,mid-cap
HSII,599327744,small-cap
HSON,47451744,micro-cap
HST,13591121920,large-cap
HSTM,781378048,small-cap
HSY,40239976448,large-cap
HTBI,448854688,small-cap
HTBK,488344320,small-cap
HTH,1932552960,small-cap
HTLD,765448192,small-cap
HTLF,1830581760,small-cap
HUBB,20799936512,large-cap
HUBG,2497516032,mid-cap
HUBS,32134313984,large-cap
HUM,36778713088,large-cap
HUN,4204643840,mid-cap
HURC,117694080,micro-cap
HURN,1727171584,small-cap
HUSA,18050092,micro-cap
HVT,502238656,small-cap
HWBK,131945536,micro-cap
HWC,3999337472,mid-cap
HWKN,1601771264,small-cap
HXL,5524198400,mid-cap
HY,1027117184,small-cap
HZO,562044352,small-cap
IAC,4166741504,mid-cap
IART,2266887424,mid-cap
IBCP,520965056,small-cap
IBIO,14847001,micro-cap
IBKR,48578039808,large-cap
IBM,151822139392,large-cap
IBOC,3507631360,mid-cap
IBP,6834737152,mid-cap
IBTX,1584214144,small-cap
ICAD,38463952,micro-cap
ICCC,39528608,micro-cap
ICD,28396248,micro-cap
ICE,74686259200,large-cap
ICFI,2694885120,mid-cap
ICHR,1310100736,small-cap
ICUI,2351232256,mid-cap
IDA,4781476864,mid-cap
IDCC,2545928704,mid-cap
IDN,63354076,micro-cap
IDT,910653184,small-cap
IDXG,6214488,micro-cap
IDXX,41919062016,large-cap
IESC,2792083456,mid-cap
IEX,17009513472,large-cap
IFF,21805518848,large-cap
III,166756448,micro-cap
IIIN,625540160,small-cap
IIIV,759894144,small-cap
IIPR,2789517312,mid-cap
ILMN,19877414912,large-cap
ILPT,235715424,micro-cap
IMKTA,1369496192,small-cap
IMMR,226732912,micro-cap
IMXI,697586048,small-cap
INBK,271100256,small-cap
INCY,11607994368,large-cap
INDB,2159134208,mid-cap
INFN,1139753344,small-cap
INFU,160548496,micro-cap
INGN,162238144,micro-cap
INGR,7516145152,mid-cap
INN,655241408,small-cap
INO,297664224,small-cap
INOD,169642112,micro-cap
INPX,10239505,micro-cap
INSE,228975648,micro-cap
INSG,48703488,micro-cap
INSM,3652967680,mid-cap
INSP,7381482496,mid-cap
INSW,2707030784,mid-cap
INTC,132175806464,large-cap
INTG,47186928,micro-cap
INTT,142258256,micro-cap
INTU,178084855808,large-cap
INUV,47682324,micro-cap
INVA,968933120,small-cap
INVE,117354936,micro-cap
INVH,21146044416,large-cap
IONS,6106571776,mid-cap
IOR,69882072,micro-cap
IOSP,2993117184,mid-cap
IOVA,3466199808,mid-cap
IP,12088890368,large-cap
IPAR,3730528000,mid-cap
IPG,11694482432,large-cap
IPGP,3859102208,mid-cap
IPI,266720880,small-cap
IPWR,59710772,micro-cap
IQV,42675912704,large-cap
IR,37819207680,large-cap
IRBT,242424048,micro-cap
IRDM,3903942656,mid-cap
IRIX,46808064,micro-cap
IRM,22729594880,large-cap
IRMD,518649632,small-cap
IROQ,54747560,micro-cap
IRT,3665147904,mid-cap
IRTC,3381918976,mid-cap
IRWD,1247812352,small-cap
ISDR,43684152,micro-cap
ISRG,131861946368,large-cap
ISSC,114712200,micro-cap
ISTR,162673824,micro-cap
IT,33293211648,large-cap
ITCI,7617693184,mid-cap
ITGR,3786253312,mid-cap
ITI,190696224,micro-cap
ITIC,305091136,small-cap
ITRI,4418919936,mid-cap
ITT,10880557056,large-cap
ITW,73724289024,large-cap
IVAC,112982424,micro-cap
IVR,417552288,small-cap
IVZ,6436638208,mid-cap
IZEA,46564840,micro-cap
JACK,1138569728,small-cap
JAGX,69996488,micro-cap
JAKK,204800288,micro-cap
JAZZ,7019448320,mid-cap
JBGS,1415119360,small-cap
JBHT,16768996352,large-cap
JBL,14423401472,large-cap
JBLU,1998293120,small-cap
JBSS,1157341952,small-cap
JBT,2864877056,mid-cap
JCI,44753907712,large-cap
JCTCF,18506746,micro-cap
JEF,9177264128,mid-cap
JELD,1771068544,small-cap
JHG,5050256384,mid-cap
JILL,275681056,small-cap
JJSF,2642048256,mid-cap
JKHY,11907310592,large-cap
JLL,8730953728,mid-cap
JNJ,350671175680,mega-cap
JNPR,11455826944,large-cap
JOB,35231252,micro-cap
JOE,3383259136,mid-cap
JOUT,416489856,small-cap
JPM,558391754752,mega-cap
JRVR,329810464,small-cap
JVA,9247932,micro-cap
JWN,3167205120,mid-cap
JYNT,183858480,micro-cap
K,19893790720,large-cap
KAI,3297288960,mid-cap
KALA,18968792,micro-cap
KALU,1505485952,small-cap
KALV,469977664,small-cap
KAMN,1307481984,small-cap
KAR,1873083136,small-cap
KBH,4970927616,mid-cap
KBR,8825027584,mid-cap
KDP,45431930880,large-cap
KE,529216608,small-cap
KELYA,822093888,small-cap
KEQU,99190952,micro-cap
KEX,6335917568,mid-cap
KEY,13854093312,large-cap
KEYS,26165944320,large-cap
KFFB,30648668,micro-cap
KFRC,1211384704,small-cap
KFY,3170729728,mid-cap
KHC,46613721088,large-cap
KIDS,682188224,small-cap
KIM,12751225856,large-cap
KINS,51531912,micro-cap
KIRK,24819212,micro-cap
KKR,84228268032,large-cap
KLAC,96171999232,large-cap
KLIC,2658173184,mid-cap
KLXE,115245584,micro-cap
KMB,45627432960,large-cap
KMI,40803299328,large-cap
KMPR,3727587072,mid-cap
KMT,1894548224,small-cap
KMX,10740156416,large-cap
KN,1446678272,small-cap
KNSA,1324806272,small-cap
KNSL,8519627776,mid-cap
KNX,7448275456,mid-cap
KO,267336892416,mega-cap
KOD,173627856,micro-cap
KODK,363227744,small-cap
KOP,1109701888,small-cap
KOPN,97501776,micro-cap
KOS,2694902528,mid-cap
KPTI,123442320,micro-cap
KR,40111419392,large-cap
KRC,4082910720,mid-cap
KREF,656056128,small-cap
KRG,4889609216,mid-cap
KRNY,343449216,small-cap
KRO,1321660160,small-cap
KRYS,4443271680,mid-cap
KSS,2641793792,mid-cap
KTCC,46921884,micro-cap
KTOS,2736441600,mid-cap
KURA,1545704448,small-cap
KVHI,95675528,micro-cap
KW,1186758528,small-cap
KWR,3388395776,mid-cap
KZR,60672688,micro-cap
L,16750891008,large-cap
LAD,7024560128,mid-cap
LADR,1387584896,small-cap
LAKE,123623912,micro-cap
LAMR,11953459200,large-cap
LANC,5201193984,mid-cap
LAND,455946464,small-cap
LARK,101622400,micro-cap
LASR,545693888,small-cap
LAUR,2280851968,mid-cap
LAZ,3517073408,mid-cap
LBAI,794884864,small-cap
LBC,466804608,small-cap
LBRDA,7110905856,mid-cap
LBRDK,7100496896,mid-cap
LBRT,3742170624,mid-cap
LBTYA,6130549760,mid-cap
LBTYK,6130098176,mid-cap
LC,846178752,small-cap
LCII,2665688576,mid-cap
LCNB,212830160,micro-cap
LCUT,201943008,micro-cap
LDOS,18426998784,large-cap
LE,432700064,small-cap
LEA,7397508096,mid-cap
LECO,12725833728,large-cap
LEE,76174688,micro-cap
LEG,2434654720,mid-cap
LEGH,498886624,small-cap
LEN,42376642560,large-cap
LEU,682432000,small-cap
LEVI,8660992000,mid-cap
LFUS,5860121600,mid-cap
LFVN,76438888,micro-cap
LGIH,2197394944,mid-cap
LGL,31378672,micro-cap
LGND,1256369664,small-cap
LH,17055482880,large-cap
LIFE,108025872,micro-cap
LII,17033498624,large-cap
LILA,1544103296,small-cap
LILAK,1538936704,small-cap
LIN,212726579200,mega-cap
LINC,332228032,small-cap
LIND,340559008,small-cap
LIQT,15982960,micro-cap
LITE,2969980928,mid-cap
LIVE,79462936,micro-cap
LIVN,3037876736,mid-cap
LKFN,1534749952,small-cap
LKQ,11674117120,large-cap
LL,45624428,micro-cap
LLY,748005621760,mega-cap
LMAT,1464152704,small-cap
LMFA,5983104,micro-cap
LMNR,355488736,small-cap
LMT,111610994688,large-cap
LNC,4724772352,mid-cap
LNG,37047615488,large-cap
LNN,1288059264,small-cap
LNT,12677892096,large-cap
LNTH,4546328576,mid-cap
LOAN,58073136,micro-cap
LOB,1502076032,small-cap
LOCO,269112736,small-cap
LODE,37029728,micro-cap
LOOP,134506784,micro-cap
LOPE,3905085184,mid-cap
LOVE,346504608,small-cap
LOW,131203629056,large-cap
LPCN,25616632,micro-cap
LPG,1688271104,small-cap
LPLA,20374243328,large-cap
LPSN,45324300,micro-cap
LPTH,53611020,micro-cap
LPX,5320303616,mid-cap
LQDA,971642880,small-cap
LQDT,531904704,small-cap
LRCX,120770428928,large-cap
LRN,2905993984,mid-cap
LSBK,65949700,micro-cap
LSCC,10456478720,large-cap
LSTR,6288390144,mid-cap
LSXMA,8051252224,mid-cap
LSXMK,8063606272,mid-cap
LTBR,35550824,micro-cap
LTC,1444330624,small-cap
LTRPA,143818240,micro-cap
LTRX,138851536,micro-cap
LULU,45345239040,large-cap
LUNA,69740968,micro-cap
LUV,15844122624,large-cap
LVS,33556916224,large-cap
LW,12063868928,large-cap
LWAY,299255680,small-cap
LXP,2490778880,mid-cap
LXRX,379204960,small-cap
LXU,674329472,small-cap
LYB,32766887936,large-cap
LYFT,6586964480,mid-cap
LYTS,434310272,small-cap
LYV,20742969344,large-cap
LZB,1409245312,small-cap
M,5054881280,mid-cap
MA,423693254656,mega-cap
MAA,15738463232,large-cap
MAC,3368444672,mid-cap
MACK,214126064,micro-cap
MAN,3675950592,mid-cap
MANH,12780988416,large-cap
MAR,68458635264,large-cap
MARA,4556571136,mid-cap
MARK,5677463,micro-cap
MAS,15306957824,large-cap
MASI,7204661760,mid-cap
MAT,6303160832,mid-cap
MATW,832249280,small-cap
MATX,3734442240,mid-cap
MAYS,92900240,micro-cap
MBCN,181555648,micro-cap
MBI,325601952,small-cap
MBIN,1773207296,small-cap
MBIO,2544535,micro-cap
MBOT,13366592,micro-cap
MBUU,704862592,small-cap
MBWM,580238016,small-cap
MC,3481150720,mid-cap
MCB,449582624,small-cap
MCBC,487934720,small-cap
MCD,197890637824,large-cap
MCFT,347148832,small-cap
MCHP,50418200576,large-cap
MCHX,58720820,micro-cap
MCK,70352560128,large-cap
MCO,67980611584,large-cap
MCRB,137433280,micro-cap
MCRI,1299834880,small-cap
MCS,422541120,small-cap
MCY,2897237504,mid-cap
MD,749932096,small-cap
MDB,26997762048,large-cap
MDC,4726503936,mid-cap
MDGL,4236682752,mid-cap
MDLZ,97515200512,large-cap
MDRX,834209984,small-cap
MDT,106723532800,large-cap
MDU,5062539264,mid-cap
MED,300171456,small-cap
MEDP,12336660480,large-cap
MEI,438488320,small-cap
MEIP,20521608,micro-cap
MERC,682535424,small-cap
MESA,37636420,micro-cap
MET,51005837312,large-cap
MFA,1086958848,small-cap
MG,272705792,small-cap
MGEE,2818825984,mid-cap
MGM,12802691072,large-cap
MGNX,908046912,small-cap
MGPI,1781800064,small-cap
MGRC,2675071744,mid-cap
MGY,5240033792,mid-cap
MGYR,75788264,micro-cap
MHH,101021248,micro-cap
MHK,7538400256,mid-cap
MHLD,299603584,small-cap
MHO,3297179392,mid-cap
MIDD,7501351936,mid-cap
MIND,8241947,micro-cap
MITK,589561600,small-cap
MITT,164934560,micro-cap
MKC,20360800256,large-cap
MKL,18982047744,large-cap
MKSI,8240450560,mid-cap
MKTX,7617466880,mid-cap
MLAB,555155072,small-cap
MLI,6457421824,mid-cap
MLM,36850884608,large-cap
MLP,390667872,small-cap
MLR,562259392,small-cap
MLSS,48259320,micro-cap
MMC,97963393024,large-cap
MMI,1240294528,small-cap
MMM,53764558848,large-cap
MMS,4916689408,mid-cap
MMSI,4291844864,mid-cap
MNKD,1134469888,small-cap
MNOV,64167144,micro-cap
MNR,1998800128,small-cap
MNRO,813187584,small-cap
MNST,56180498432,large-cap
MNTX,108333360,micro-cap
MO,75309490176,large-cap
MOD,4907533312,mid-cap
MODN,1170665984,small-cap
MOFG,326334592,small-cap
MOH,19989964800,large-cap
MORN,12150864896,large-cap
MOS,9991659520,mid-cap
MOTS,380915,micro-cap
MOV,571748736,small-cap
MPAA,116794656,micro-cap
MPB,346390336,small-cap
MPC,68085485568,large-cap
MPW,2899707136,mid-cap
MPWR,33330839552,large-cap
MPX,389835776,small-cap
MRAM,159941104,micro-cap
MRC,970504384,small-cap
MRCY,1712115456,small-cap
MRIN,9334689,micro-cap
MRK,329648504832,mega-cap
MRKR,38104412,micro-cap
MRNS,76359584,micro-cap
MRO,15529886720,large-cap
MRSN,379071872,small-cap
MRTN,1368113920,small-cap
MRVL,58974597120,large-cap
MS,148218527744,large-cap
MSA,7233817600,mid-cap
MSBI,479012544,small-cap
MSCI,37919080448,large-cap
MSEX,899759872,small-cap
MSFT,2966309044224,mega-cap
MSI,57454080000,large-cap
MSM,5169521152,mid-cap
MSN,11786017,micro-cap
MSTR,20222050304,large-cap
MTB,24218361856,large-cap
MTCH,8423617024,mid-cap
MTD,26641625088,large-cap
MTDR,8013371904,mid-cap
MTEM,11190621,micro-cap
MTEX,15598121,micro-cap
MTG,5515067904,mid-cap
MTH,6039486464,mid-cap
MTN,7289515008,mid-cap
MTNB,46400960,micro-cap
MTRN,2448837632,mid-cap
MTRX,307723968,small-cap
MTSI,7471196672,mid-cap
MTW,438576032,small-cap
MTX,2407328256,mid-cap
MTZ,7116270592,mid-cap
MU,127923380224,large-cap
MUR,6958991360,mid-cap
MUSA,8661683200,mid-cap
MUX,585988352,small-cap
MVBF,240124832,micro-cap
MVIS,292021792,small-cap
MWA,2519134720,mid-cap
MXL,1765638656,small-cap
MYE,815800000,small-cap
MYGN,1791017984,small-cap
MYRG,2826598144,mid-cap
NAII,37933288,micro-cap
NATH,265949616,small-cap
NATR,369886496,small-cap
NAVB,3502940,micro-cap
NAVI,1716513792,small-cap
NBHC,1253842688,small-cap
NBIX,13951953920,large-cap
NBN,403835136,small-cap
NBR,712870080,small-cap
NBTB,1656083584,small-cap
NBY,2888470,micro-cap
NC,209766496,micro-cap
NCLH,8102380544,mid-cap
NCMI,416720224,small-cap
NCSM,40762908,micro-cap
NDAQ,34531442688,large-cap
NDLS,69324296,micro-cap
NDSN,14958619648,large-cap
NE,6367451136,mid-cap
NEE,138105520128,large-cap
NEM,47186485248,large-cap
NEO,1779025792,small-cap
NEOG,2657780224,mid-cap
NEON,34558876,micro-cap
NERV,16434513,micro-cap
NEU,5082170368,mid-cap
NFBK,375709792,small-cap
NFG,4912243712,mid-cap
NFLX,239094038528,mega-cap
NGS,282819648,small-cap
NGVC,376438464,small-cap
NGVT,1822026880,small-cap
NHC,1394796032,small-cap
NHI,2743361792,mid-cap
NHTC,77392896,micro-cap
NI,12396879872,large-cap
NICK,46878300,micro-cap
NINE,79834272,micro-cap
NJR,4266372096,mid-cap
NKE,140581781504,large-cap
NKSH,160016128,micro-cap
NKTR,275427008,small-cap
NL,391615360,small-cap
NLY,9523373056,mid-cap
NMIH,2505269504,mid-cap
NMRK,2392373760,mid-cap
NNBR,178341120,micro-cap
NNI,3470814464,mid-cap
NNN,7434680832,mid-cap
NNVC,13428060,micro-cap
NOC,71633092608,large-cap
NODK,308823616,small-cap
NOG,4220608000,mid-cap
NOV,7495407616,mid-cap
NOVT,5728546816,mid-cap
NOW,145546035200,large-cap
NPK,586651520,small-cap
NPO,3178070016,mid-cap
NR,604079360,small-cap
NRC,812943936,small-cap
NRG,15870990336,large-cap
NRIM,264282320,small-cap
NSA,4686889472,mid-cap
NSC,52217761792,large-cap
NSIT,5990656512,mid-cap
NSP,3940888832,mid-cap
NSSC,1543004928,small-cap
NSTG,5066857,micro-cap
NTAP,21289850880,large-cap
NTCT,1387173504,small-cap
NTGR,425529184,small-cap
NTIC,165454368,micro-cap
NTIP,46154832,micro-cap
NTLA,2102807936,mid-cap
NTNX,15260936192,large-cap
NTRA,11468744704,large-cap
NTRS,17075248128,large-cap
NTWK,29425416,micro-cap
NUE,41487142912,large-cap
NURO,9336738,micro-cap
NUS,598456000,small-cap
NVAX,603197376,small-cap
NVDA,2196250034176,mega-cap
NVEC,398208384,small-cap
NVEE,1504306304,small-cap
NVFY,6079521,micro-cap
NVR,23010541568,large-cap
NVRO,408264000,small-cap
NVT,12419077120,large-cap
NWBI,1352699392,small-cap
NWE,3090673152,mid-cap
NWFL,196671376,micro-cap
NWL,3304992000,mid-cap
NWLI,1778522880,small-cap
NWN,1446558464,small-cap
NWPX,315562464,small-cap
NWS,13648581632,large-cap
NWSA,13669291008,large-cap
NX,1095000576,small-cap
NXRT,1753508096,small-cap
NXST,5419762688,mid-cap
NYCB,2239880960,mid-cap
NYMT,629493888,small-cap
NYT,7090262016,mid-cap
O,46446129152,large-cap
OC,14782299136,large-cap
OCC,23157202,micro-cap
OCFC,874541888,small-cap
OCN,191470016,micro-cap
OCUL,717125312,small-cap
OCX,33612012,micro-cap
ODC,505072704,small-cap
ODFL,39886082048,large-cap
ODP,1876703232,small-cap
OESX,27898780,micro-cap
OFED,74848416,micro-cap
OFG,1721531776,small-cap
OFIX,488530208,small-cap
OFLX,675914304,small-cap
OGE,6896811520,mid-cap
OGEN,4749531,micro-cap
OGS,3627088640,mid-cap
OHI,7845726208,mid-cap
OI,2411576064,mid-cap
OII,2381627648,mid-cap
OIS,262640176,small-cap
OKE,46247632896,large-cap
OKTA,15641575424,large-cap
OLED,7630611456,mid-cap
OLLI,4425153024,mid-cap
OLN,6366333440,mid-cap
OLP,486915392,small-cap
OMC,18508271616,large-cap
OMCL,1244067584,small-cap
OMER,179912080,micro-cap
OMEX,71462424,micro-cap
OMF,6290812416,mid-cap
OMI,1934875648,small-cap
ON,30989611008,large-cap
ONB,5276276224,mid-cap
ONTX,20904684,micro-cap
ONVO,11960654,micro-cap
OOMA,185715312,micro-cap
OPGN,5883451,micro-cap
OPI,101165592,micro-cap
OPK,868452096,small-cap
OPOF,71825560,micro-cap
OPRX,185457600,micro-cap
OPTN,92825248,micro-cap
OPTT,11886774,micro-cap
OPY,424883392,small-cap
ORA,3837546240,mid-cap
ORC,444446560,small-cap
ORCL,316435955712,mega-cap
ORGO,320670112,small-cap
ORI,8186571776,mid-cap
ORLY,60147998720,large-cap
ORN,240504464,micro-cap
ORRF,280407008,small-cap
OSBC,614833152,small-cap
OSG,427133440,small-cap
OSIS,2297486848,mid-cap
OSK,7526031360,mid-cap
OSPN,400023744,small-cap
OSUR,409328480,small-cap
OTTR,3564196352,mid-cap
OUT,2667366400,mid-cap
OVBC,112651248,micro-cap
OVLY,205310784,micro-cap
OXM,1718899456,small-cap
OXY,59526127616,large-cap
OZK,5168665600,mid-cap
PACB,452812096,small-cap
PAG,10225688576,large-cap
PAHC,641982080,small-cap
PANL,334523776,small-cap
PANW,94707073024,large-cap
PAR,1486699392,small-cap
PARR,1866855168,small-cap
PATK,2345553152,mid-cap
PAYC,11220643840,large-cap
PAYX,42929188864,large-cap
PB,6022115840,mid-cap
PBF,6569566720,mid-cap
PBH,3538009344,mid-cap
PBHC,77222616,micro-cap
PBI,764860736,small-cap
PBPB,309888416,small-cap
PBYI,235733200,micro-cap
PCAR,55629008896,large-cap
PCH,3183110656,mid-cap
PCRX,1194715776,small-cap
PCTY,8811075584,mid-cap
PCYO,225470224,micro-cap
PD,1879954304,small-cap
PDCO,2281012224,mid-cap
PDEX,66011496,micro-cap
PDFS,1186390400,small-cap
PDLB,191632480,micro-cap
PDM,861021568,small-cap
PEB,1781651584,small-cap
PEBK,158715040,micro-cap
PEBO,1036197056,small-cap
PED,87568192,micro-cap
PEG,33988675584,large-cap
PEGA,5183927296,mid-cap
PEN,7751560192,mid-cap
PENN,2534383872,mid-cap
PEP,240725737472,mega-cap
PESI,157079792,micro-cap
PETQ,481676896,small-cap
PETS,84981824,micro-cap
PFBC,1014497024,small-cap
PFE,145951965184,large-cap
PFG,18858749952,large-cap
PFGC,10566623232,large-cap
PFIE,85240496,micro-cap
PFIS,268317024,small-cap
PFMT,208454544,micro-cap
PFS,1116207872,small-cap
PG,382413471744,mega-cap
PGC,399100896,small-cap
PGR,122042949632,large-cap
PGRE,1128156672,small-cap
PGTI,2404418816,mid-cap
PH,71387529216,large-cap
PHIO,3211435,micro-cap
PHM,23937972224,large-cap
PHX,128669944,micro-cap
PI,4401198080,mid-cap
PII,4892373504,mid-cap
PINC,2516177920,mid-cap
PINS,23238469632,large-cap
PJT,3767972096,mid-cap
PK,3471738624,mid-cap
PKBK,197311952,micro-cap
PKE,300763008,small-cap
PKG,15628554240,large-cap
PKOH,319581056,small-cap
PLAB,1783406592,small-cap
PLAY,2143731840,mid-cap
PLBC,207539200,micro-cap
PLCE,90313192,micro-cap
PLD,95824846848,large-cap
PLNT,5248724480,mid-cap
PLOW,521506976,small-cap
PLPC,606032064,small-cap
PLSE,400383424,small-cap
PLUG,1642958848,small-cap
PLUS,2105042944,mid-cap
PLXS,2816945664,mid-cap
PLYA,1264611584,small-cap
PLYM,954139648,small-cap
PM,146882609152,large-cap
PMD,14920417,micro-cap
PMT,1213230208,small-cap
PMTS,208064608,micro-cap
PNBK,13458997,micro-cap
PNC,61605736448,large-cap
PNFP,6066761728,mid-cap
PNM,3313511680,mid-cap
PNR,13488701440,large-cap
PNRG,186686224,micro-cap
PNW,8331677184,mid-cap
PODD,12066626560,large-cap
POL,3843876,micro-cap
POOL,14063023104,large-cap
POR,4448878592,mid-cap
POST,6473167360,mid-cap
POWI,3834085632,mid-cap
POWL,1769686528,small-cap
PPBI,2102206720,mid-cap
PPC,8541542400,mid-cap
PPG,30588155904,large-cap
PPIH,64700628,micro-cap
PPL,20150876160,large-cap
PPSI,38726084,micro-cap
PRA,715866944,small-cap
PRAA,930945920,small-cap
PRFT,1639651712,small-cap
PRGO,4425952768,mid-cap
PRGS,2156367104,mid-cap
PRI,7489281024,mid-cap
PRIM,2534828800,mid-cap
PRK,2163064064,mid-cap
PRLB,794794432,small-cap
PRMW,3022266880,mid-cap
PRO,1576729216,small-cap
PROV,87553488,micro-cap
PRPH,83007920,micro-cap
PRTA,1122221184,small-cap
PRTS,69956208,micro-cap
PRU,39869616128,large-cap
PSA,45872824320,large-cap
PSMT,2465573632,mid-cap
PSN,8409241088,mid-cap
PSTG,16983047168,large-cap
PSX,62294077440,large-cap
PTC,21304166400,large-cap
PTCT,2471937792,mid-cap
PTEN,4399479296,mid-cap
PTGX,1464904576,small-cap
PTN,29529978,micro-cap
PTSI,378998592,small-cap
PULM,7140227,micro-cap
PUMP,945513920,small-cap
PVBC,154870320,micro-cap
PVH,6394814464,mid-cap
PW,1489077,micro-cap
PWOD,130188896,micro-cap
PWR,38597070848,large-cap
PXD,63682281472,large-cap
PXLW,106930048,micro-cap
PYPL,72263737344,large-cap
PZG,25761416,micro-cap
PZZA,2049952768,mid-cap
QCOM,188291514368,large-cap
QCRH,925398976,small-cap
QDEL,2643046144,mid-cap
QLYS,6125659648,mid-cap
QNST,969915136,small-cap
QRHC,206627744,micro-cap
QRTEA,363282080,small-cap
QRVO,11438100480,large-cap
QTRX,609658752,small-cap
QTWO,3078947328,mid-cap
QUAD,231166688,micro-cap
QUIK,226750160,micro-cap
R,5313365504,mid-cap
RAIL,64209248,micro-cap
RAMP,2165530624,mid-cap
RARE,3649235712,mid-cap
RAVE,29674978,micro-cap
RBB,330690176,small-cap
RBBN,551821248,small-cap
RBC,7174808064,mid-cap
RBCAA,994393472,small-cap
RBCN,1735808,micro-cap
RC,1501496960,small-cap
RCKT,1965751168,small-cap
RCKY,197547904,micro-cap
RCL,36417454080,large-cap
RCM,5229505536,mid-cap
RCMT,149022912,micro-cap
RCUS,1412496896,small-cap
RDFN,664856128,small-cap
RDI,59884080,micro-cap
RDN,4586177024,mid-cap
RDNT,3576921088,mid-cap
RDUS,491507360,small-cap
RDVT,233731984,micro-cap
REED,5234112,micro-cap
REFR,51604320,micro-cap
REG,11022742528,large-cap
REGI,3106199040,mid-cap
REGN,98597191680,large-cap
REI,383002272,small-cap
RELL,149851808,micro-cap
REPL,399020704,small-cap
RES,1477922560,small-cap
REVG,1141340416,small-cap
REX,992109696,small-cap
REXR,9667228672,mid-cap
REZI,2895477504,mid-cap
RF,17960671232,large-cap
RFIL,30961726,micro-cap
RFL,38966276,micro-cap
RGA,12379665408,large-cap
RGCO,211500352,micro-cap
RGEN,9363558400,mid-cap
RGLD,7981970432,mid-cap
RGLS,160389984,micro-cap
RGNX,774874688,small-cap
RGR,800455168,small-cap
RGS,12286235,micro-cap
RH,4636960256,mid-cap
RHE,5199122,micro-cap
RHI,7308342784,mid-cap
RHP,6362745344,mid-cap
RIBT,1600640,micro-cap
RICK,478466816,small-cap
RIG,4327382528,mid-cap
RIGL,184175232,micro-cap
RILY,1066312768,small-cap
RIOT,2692903168,mid-cap
RJF,25556807680,large-cap
RKDA,2784963,micro-cap
RL,10639136768,large-cap
RLGT,234849616,micro-cap
RLI,6464537088,mid-cap
RLJ,3449827584,mid-cap
RM,256573984,small-cap
RMAX,220861296,micro-cap
RMBS,6234318848,mid-cap
RMCF,22609262,micro-cap
RMD,31251527680,large-cap
RMR,399922720,small-cap
RMTI,43165964,micro-cap
RNG,2829996032,mid-cap
RNR,11512962048,large-cap
RNST,1650859648,small-cap
ROCK,2232819456,mid-cap
ROG,2277597696,mid-cap
ROIC,1574694144,small-cap
ROK,31812743168,large-cap
ROKU,8654289920,mid-cap
ROL,21867065344,large-cap
ROP,54761103360,large-cap
ROST,43583205376,large-cap
RPD,2850033920,mid-cap
RPM,13859405824,large-cap
RRC,8901984256,mid-cap
RRGB,114063776,micro-cap
RRR,5559994368,mid-cap
RS,16670136320,large-cap
RSG,60942938112,large-cap
RUN,2328751872,mid-cap
RUSHA,3464939520,mid-cap
RUSHB,3485092864,mid-cap
RVNC,386120288,small-cap
RVP,32332178,micro-cap
RVSB,79482920,micro-cap
RWT,744537344,small-cap
RYAM,253090640,small-cap
RYI,1011205888,small-cap
RYN,4499947008,mid-cap
RYTM,2423063040,mid-cap
SABR,1089147776,small-cap
SACH,149455216,micro-cap
SAFE,1317972096,small-cap
SAFT,1171802624,small-cap
SAGE,856389824,small-cap
SAH,1982920832,small-cap
SAIA,10695562240,large-cap
SAIC,6686402048,mid-cap
SALM,10717976,micro-cap
SAM,3347091968,mid-cap
SAMG,141474080,micro-cap
SANM,3517240832,mid-cap
SANW,18192300,micro-cap
SASR,932507072,small-cap
SATS,4309006848,mid-cap
SAVE,395309568,small-cap
SBAC,20854534144,large-cap
SBCF,1990451712,small-cap
SBFG,91415280,micro-cap
SBGI,814515264,small-cap
SBH,1156346112,small-cap
SBNY,204665504,micro-cap
SBOW,813953984,small-cap
SBRA,3276825856,mid-cap
SBSI,815718400,small-cap
SBT,242537616,micro-cap
SBUX,99658006528,large-cap
SCHL,1002712640,small-cap
SCHW,135367860224,large-cap
SCI,10606148608,large-cap
SCL,1908999296,small-cap
SCOR,67190272,micro-cap
SCS,1381337216,small-cap
SCSC,1057161024,small-cap
SCVL,913001920,small-cap
SCWX,512606688,small-cap
SCX,112338720,micro-cap
SCYX,64558488,micro-cap
SD,517185152,small-cap
SDPI,39964428,micro-cap
SEAC,12921450,micro-cap
SEB,3175058432,mid-cap
SEDG,3391510016,mid-cap
SEE,4597541376,mid-cap
SEIC,8707082240,mid-cap
SELF,47036960,micro-cap
SEM,3608143360,mid-cap
SENEA,416717824,small-cap
SENEB,415646784,small-cap
SENS,250546096,small-cap
SF,8266438144,mid-cap
SFBC,100296696,micro-cap
SFBS,3226316544,mid-cap
SFIX,251159472,small-cap
SFM,6753101312,mid-cap
SFNC,2162240768,mid-cap
SFST,218662352,micro-cap
SGA,144430304,micro-cap
SGC,278014336,small-cap
SGH,967144512,small-cap
SGMA,26814876,micro-cap
SGMO,104577984,micro-cap
SGRP,44436360,micro-cap
SGRY,3175008000,mid-cap
SHAK,4481718784,mid-cap
SHBI,344525728,small-cap
SHEN,716748928,small-cap
SHO,2070549504,mid-cap
SHOO,2979320576,mid-cap
SHW,77253107712,large-cap
SIBN,598309760,small-cap
SIEB,79161800,micro-cap
SIF,19106898,micro-cap
SIG,4446324736,mid-cap
SIGA,602407552,small-cap
SIGI,6101024768,mid-cap
SILK,762017472,small-cap
SINT,6011320,micro-cap
SIRI,11597167616,large-cap
SITC,2832809984,mid-cap
SITE,7163707392,mid-cap
SIX,2005602048,mid-cap
SJM,12166644736,large-cap
SJW,1741949184,small-cap
SKT,3085794304,mid-cap
SKX,10294112256,large-cap
SKY,4392731136,mid-cap
SKYW,3011209216,mid-cap
SLAB,3976982016,mid-cap
SLB,69501657088,large-cap
SLCA,1211480064,small-cap
SLDB,340378464,small-cap
SLG,3348064000,mid-cap
SLGN,5006679552,mid-cap
SLM,4701922304,mid-cap
SLNO,1537253888,small-cap
SLP,895723200,small-cap
SLS,70334624,micro-cap
SM,5682679808,mid-cap
SMAR,5273646080,mid-cap
SMBC,464257536,small-cap
SMBK,354608800,small-cap
SMG,3862446336,mid-cap
SMIT,120036,micro-cap
SMMF,397275232,small-cap
SMP,724805120,small-cap
SMPL,3542610176,mid-cap
SMRT,484587840,small-cap
SMSI,23137592,micro-cap
SMTC,2430251520,mid-cap
SNA,14289876992,large-cap
SNAP,25789333504,large-cap
SNBR,306542848,small-cap
SNCR,68106800,micro-cap
SND,95479984,micro-cap
SNDR,3667527168,mid-cap
SNDX,1771826688,small-cap
SNFCA,149929200,micro-cap
SNOA,2573660,micro-cap
SNPS,82369175552,large-cap
SNV,5338400256,mid-cap
SNX,10157452288,large-cap
SO,80915046400,large-cap
SOHO,48690444,micro-cap
SOI,394221472,small-cap
SON,5528203264,mid-cap
SONO,2143103104,mid-cap
SP,1010931840,small-cap
SPB,2496347392,mid-cap
SPG,53978705920,large-cap
SPGI,129571889152,large-cap
SPLK,26443769856,large-cap
SPOK,313323936,small-cap
SPR,3741863936,mid-cap
SPRO,79093216,micro-cap
SPSC,6675293696,mid-cap
SPTN,663114304,small-cap
SPWH,122093120,micro-cap
SPWR,371133824,small-cap
SPXC,5715103744,mid-cap
SQ,45858975744,large-cap
SR,3369932544,mid-cap
SRCE,1216158464,small-cap
SRCL,4243498496,mid-cap
SRDX,361879136,small-cap
SRE,45252186112,large-cap
SRG,526389920,small-cap
SRI,419963808,small-cap
SRNE,8820497,micro-cap
SRPT,12058318848,large-cap
SRRK,1160207872,small-cap
SRTS,59509308,micro-cap
SSB,5819938304,mid-cap
SSBI,65127364,micro-cap
SSD,7449067008,mid-cap
SSKN,15777405,micro-cap
SSNC,15343093760,large-cap
SSP,319216288,small-cap
SSTI,170703792,micro-cap
SSTK,1533581184,small-cap
ST,6020304384,mid-cap
STAA,2281893888,mid-cap
STAG,6423579136,mid-cap
STBA,1160571776,small-cap
STC,1729406336,small-cap
STCN,77863664,micro-cap
STE,20186712064,large-cap
STIM,103712120,micro-cap
STKS,176110320,micro-cap
STLD,20727386112,large-cap
STRA,2859930112,mid-cap
STRL,3278924800,mid-cap
STRM,18708716,micro-cap
STRS,183082768,micro-cap
STRT,93513432,micro-cap
STT,22136422400,large-cap
STWD,6225869312,mid-cap
STX,18092652544,large-cap
STZ,46668029952,large-cap
SUI,14932029440,large-cap
SUM,6946224128,mid-cap
SUP,107689336,micro-cap
SUPN,1660112512,small-cap
SVRA,646668288,small-cap
SVT,32775896,micro-cap
SWAV,12388980736,large-cap
SWK,14164579328,large-cap
SWKS,17414699008,large-cap
SWN,8459212288,mid-cap
SWX,5305199104,mid-cap
SXC,874385216,small-cap
SXI,2085308288,mid-cap
SXT,3066333440,mid-cap
SYBT,1325918208,small-cap
SYBX,20731660,micro-cap
SYF,17780367360,large-cap
SYK,128983146496,large-cap
SYNA,3583505920,mid-cap
SYPR,31366440,micro-cap
SYRS,140590864,micro-cap
SYY,37078380544,large-cap
T,121299902464,large-cap
TACO,455891936,small-cap
TACT,48966060,micro-cap
TAIT,18846294,micro-cap
TALO,2493779200,mid-cap
TAP,12549364736,large-cap
TAST,522920288,small-cap
TAYD,163794240,micro-cap
TBBK,1589536256,small-cap
TBI,328643872,small-cap
TBIO,11135210,micro-cap
TBNK,65316916,micro-cap
TBPH,428784800,small-cap
TCBI,2698415360,mid-cap
TCBK,1146612224,small-cap
TCI,257019776,small-cap
TCMD,333939776,small-cap
TCON,4269905,micro-cap
TCS,44902268,micro-cap
TDC,3693212928,mid-cap
TDG,70043918336,large-cap
TDOC,2236017920,mid-cap
TDS,1770143744,small-cap
TDW,4886444544,mid-cap
TDY,18070108160,large-cap
TECH,10099586048,large-cap
TEL,43804385280,large-cap
TELL,354893472,small-cap
TENB,5370151936,mid-cap
TENX,7637136,micro-cap
TER,18024161280,large-cap
TEX,3828024064,mid-cap
TFSL,3390989056,mid-cap
TFX,9736289280,mid-cap
TG,221045744,micro-cap
TGEN,17397696,micro-cap
TGI,1049222208,small-cap
TGLS,2611136768,mid-cap
TGNA,2395041792,mid-cap
TGT,74244366336,large-cap
TGTX,2072329728,mid-cap
THC,10769659904,large-cap
THFF,428261120,small-cap
THG,4659350016,mid-cap
THO,5301281792,mid-cap
THR,1093030528,small-cap
THRM,1725415808,small-cap
THS,2027619968,mid-cap
TILE,909329792,small-cap
TIPT,591811136,small-cap
TISI,29272776,micro-cap
TITN,513881632,small-cap
TJX,106975944704,large-cap
TKR,6551493120,mid-cap
TLF,40148368,micro-cap
TLYS,180039632,micro-cap
TMDX,3138777344,mid-cap
TMHC,6024435200,mid-cap
TMO,219233615872,mega-cap
TMP,639726016,small-cap
TMST,895362112,small-cap
TMUS,191544737792,large-cap
TNC,2214199040,mid-cap
TNDM,2431300096,mid-cap
TNET,5257624064,mid-cap
TNXP,16691503,micro-cap
TOL,12595716096,large-cap
TOWN,1945251072,small-cap
TPB,505553632,small-cap
TPC,904778112,small-cap
TPH,3576869120,mid-cap
TPHS,8675957,micro-cap
TPIC,141456720,micro-cap
TPR,9260652544,mid-cap
TPX,8861207552,mid-cap
TR,2145736832,mid-cap
TRC,452616512,small-cap
TREE,613881280,small-cap
TREX,9807915008,mid-cap
TRGP,25725046784,large-cap
TRIP,3734469376,mid-cap
TRMB,14784352256,large-cap
TRMK,1836269696,small-cap
TRN,2181531648,mid-cap
TRNO,5308726784,mid-cap
TRNS,1005304384,small-cap
TROW,24757272576,large-cap
TROX,2762953984,mid-cap
TRS,1072142528,small-cap
TRST,508236864,small-cap
TRT,26815274,micro-cap
TRTX,581915264,small-cap
TRU,14856574976,large-cap
TRUP,981843072,small-cap
TRV,48788099072,large-cap
TRVN,7511610,micro-cap
TSBK,198980432,micro-cap
TSCO,29856149504,large-cap
TSE,96269632,micro-cap
TSLA,597380235264,mega-cap
TSN,21611538432,large-cap
TSQ,185140560,micro-cap
TTC,9170067456,mid-cap
TTD,40808787968,large-cap
TTEC,357290240,small-cap
TTEK,10494919680,large-cap
TTGT,779776448,small-cap
TTI,582243840,small-cap
TTMI,1542908928,small-cap
TTNP,6033944,micro-cap
TTOO,27013702,micro-cap
TTWO,24546443264,large-cap
TUP,52179416,micro-cap
TUSK,157728192,micro-cap
TW,21996380160,large-cap
TWI,819795392,small-cap
TWIN,227428496,micro-cap
TWLO,10671063040,large-cap
TWO,1304289664,small-cap
TWOU,20266894,micro-cap
TWST,1838612352,small-cap
TXMD,22026884,micro-cap
TXN,162570387456,large-cap
TXRH,10753229824,large-cap
TXT,16315253760,large-cap
TYL,19703504896,large-cap
TZOO,123706488,micro-cap
UA,2897697280,mid-cap
UAA,2902833408,mid-cap
UAL,17255581696,large-cap
UAMY,24640398,micro-cap
UBCP,72937280,micro-cap
UBER,142420213760,large-cap
UBFO,125881504,micro-cap
UBOH,57091084,micro-cap
UBSI,4414051328,mid-cap
UCBI,3036802048,mid-cap
UCTT,1895795840,small-cap
UDR,13579899904,large-cap
UE,2081982976,mid-cap
UEC,2794628096,mid-cap
UEIC,134606800,micro-cap
UFCS,553514880,small-cap
UFI,103683896,micro-cap
UFPI,7043942912,mid-cap
UFPT,1701774976,small-cap
UG,37857196,micro-cap
UGI,5340407808,mid-cap
UHAL,12230543360,large-cap
UHS,11437049856,large-cap
UHT,502265920,small-cap
UIS,379567680,small-cap
ULBI,198093200,micro-cap
ULH,1219957632,small-cap
ULTA,19516241920,large-cap
UMBF,3948280320,mid-cap
UMH,1109721600,small-cap
UNAM,106097,micro-cap
UNB,123514928,micro-cap
UNF,2998404864,mid-cap
UNFI,538497408,small-cap
UNH,445086662656,mega-cap
UNIT,1340472192,small-cap
UNM,9738122240,mid-cap
UNP,145374380032,large-cap
UNTY,271288448,small-cap
UONE,81233576,micro-cap
UONEK,82130624,micro-cap
UPLD,66078176,micro-cap
UPS,126136311808,large-cap
UPWK,1558513152,small-cap
URBN,3677818112,mid-cap
URI,46473117696,large-cap
USAP,240310928,micro-cap
USB,64194002944,large-cap
USEG,30854784,micro-cap
USFD,12511477760,large-cap
USLM,1759812992,small-cap
USM,3093640960,mid-cap
USNA,817625024,small-cap
USPH,1529713408,small-cap
UTHR,11097100288,large-cap
UTI,831771328,small-cap
UTL,813049216,small-cap
UTMD,236651008,micro-cap
UUU,3631237,micro-cap
UVE,567704640,small-cap
UVSP,623348736,small-cap
UVV,1255199104,small-cap
V,551781990400,mega-cap
VAC,3369319936,mid-cap
VAL,4769699840,mid-cap
VALU,348171936,small-cap
VAPO,7742312,micro-cap
VBFC,63323836,micro-cap
VBIV,15634922,micro-cap
VBTX,1072481280,small-cap
VC,3069845760,mid-cap
VCEL,2232760064,mid-cap
VCTR,3295225856,mid-cap
VCYT,1537361280,small-cap
VECO,2017398912,mid-cap
VEEV,32550158336,large-cap
VERI,125547680,micro-cap
VERU,202005776,micro-cap
VFC,4971012608,mid-cap
VGR,1624529152,small-cap
VHC,20029918,micro-cap
VIAV,1779415168,small-cap
VICI,30069655552,large-cap
VICR,1499350016,small-cap
VIRC,177368208,micro-cap
VIRT,3393818368,mid-cap
VKTX,8312167424,mid-cap
VLGEA,410399200,small-cap
VLO,53470388224,large-cap
VLY,3590240000,mid-cap
VMC,34509762560,large-cap
VMI,4217551104,mid-cap
VNCE,20004320,micro-cap
VNDA,273590816,small-cap
VNO,5550264832,mid-cap
VNRX,75502928,micro-cap
VOXX,147338960,micro-cap
VOYA,6955032576,mid-cap
VPG,449093568,small-cap
VRA,207674496,micro-cap
VREX,674674944,small-cap
VRNS,4936697344,mid-cap
VRNT,1922443648,small-cap
VRRM,3981397504,mid-cap
VRSK,31416086528,large-cap
VRSN,17280600064,large-cap
VRTS,1584242560,small-cap
VRTX,102099058688,large-cap
VSAT,2033943552,mid-cap
VSEC,1205427200,small-cap
VSH,3169267456,mid-cap
VST,27131420672,large-cap
VSTM,247509296,micro-cap
VSTO,2042304640,mid-cap
VTNR,120530592,micro-cap
VTR,18168064000,large-cap
VTVT,67666352,micro-cap
VUZI,88349760,micro-cap
VVI,737556608,small-cap
VVV,5460167680,mid-cap
VXRT,121546928,micro-cap
VYGR,417571616,small-cap
VZ,167170359296,large-cap
W,6312835584,mid-cap
WAB,28804550656,large-cap
WABC,1259721088,small-cap
WAFD,2223181312,mid-cap
WAL,6416883200,mid-cap
WASH,434516928,small-cap
WAT,18619125760,large-cap
WATT,8363699,micro-cap
WBA,15287274496,large-cap
WBS,7685857792,mid-cap
WCC,7989585408,mid-cap
WD,3125041920,mid-cap
WDAY,64947978240,large-cap
WDC,23138985984,large-cap
WDFC,3031987712,mid-cap
WEC,25966802944,large-cap
WELL,57437945856,large-cap
WEN,4114387456,mid-cap
WERN,2165230080,mid-cap
WEX,9014473728,mid-cap
WEYS,275235200,small-cap
WFC,209120346112,mega-cap
WGO,1812897024,small-cap
WH,5975978496,mid-cap
WHD,3365030144,mid-cap
WHG,115981352,micro-cap
WHLM,24136350,micro-cap
WHLR,9985878,micro-cap
WHR,5297477632,mid-cap
WINA,1256976384,small-cap
WING,11454222336,large-cap
WIRE,4485312512,mid-cap
WK,4406897664,mid-cap
WKHS,50274040,micro-cap
WLDN,392347616,small-cap
WLFC,340762048,small-cap
WLK,19136573440,large-cap
WM,84656594944,large-cap
WMB,47064514560,large-cap
WMK,1709931264,small-cap
WMS,12654642176,large-cap
WMT,477421666304,mega-cap
WNC,1067222912,small-cap
WNEB,132361520,micro-cap
WOR,2899219200,mid-cap
WOW,298679264,small-cap
WPC,12111907840,large-cap
WRB,20716693504,large-cap
WRK,12523658240,large-cap
WRLD,867169472,small-cap
WSBC,1613189888,small-cap
WSBF,227449856,micro-cap
WSC,7296091136,mid-cap
WSFS,2577002752,mid-cap
WSM,18607409152,large-cap
WSO,18066771968,large-cap
WSR,580989952,small-cap
WST,26687393792,large-cap
WSTL,16916760,micro-cap
WTBA,276590304,small-cap
WTFC,6055753728,mid-cap
WTI,338505376,small-cap
WTM,4537313792,mid-cap
WTS,6675933696,mid-cap
WTTR,1109087488,small-cap
WU,4576234496,mid-cap
WVE,594300288,small-cap
WVFC,22318336,micro-cap
WVVI,20900672,micro-cap
WWD,9875085312,mid-cap
WWR,25121810,micro-cap
WWW,888208512,small-cap
WY,22486530048,large-cap
WYNN,10637399040,large-cap
WYY,16891410,micro-cap
X,8241754624,mid-cap
XBIT,231731360,micro-cap
XEL,29879486464,large-cap
XELA,14831265,micro-cap
XELB,17947964,micro-cap
XERS,262409584,small-cap
XHR,1481501440,small-cap
XNCR,1287816192,small-cap
XOM,470539108352,mega-cap
XOMA,308327488,small-cap
XPER,469662912,small-cap
XPL,58723880,micro-cap
XPO,12536925184,large-cap
XRAY,6239191552,mid-cap
XRX,1691399680,small-cap
XTNT,122013328,micro-cap
XXII,9133346,micro-cap
XYL,32331180032,large-cap
YELP,2784178176,mid-cap
YETI,3111447808,mid-cap
YEXT,693011904,small-cap
YMAB,658845376,small-cap
YORW,507144000,small-cap
YTEN,3563793,micro-cap
YUM,39961743360,large-cap
Z,10181655552,large-cap
ZBH,24796059648,large-cap
ZBRA,16327444480,large-cap
ZDGE,36831232,micro-cap
ZEUS,725950336,small-cap
ZG,10151880704,large-cap
ZION,6103974912,mid-cap
ZM,19107164160,large-cap
ZS,26237888512,large-cap
ZTS,73445089280,large-cap
ZUMZ,345901856,small-cap
ZUO,1460000000,small-cap
USIO,39774540,micro-cap
VISL,9564498,micro-cap
WW,146528704,micro-cap
XFOR,189937888,micro-cap
ZYXI,363679296,small-cap
